publisher,game_names,video_type,video_link,video_url,game_release_date,youtube_uploaded_date,days_before_launch,viewCount,likeCount,commentCount,subscriberCount,duration_min,Day -7,Day -6,Day -5,Day -4,Day -3,Day -2,Day -1,Day 0,Day 1,Day 2,Day 3,Day 4,Day 5,Day 6,Day 7,video_group
Capcom,Exoprimal,Trailer,_WOowJ-Od8g,https://www.youtube.com/watch?v=_WOowJ-Od8g,2023-07-14,2022-06-13 22:25:05,-396.0,109924,1841,199,19200000,2,0,8,0,0,0,0,0,100,75,20,24,9.0,12.0,20.0,15.0,Basic Trailer
Capcom,Exoprimal,Announcement Trailer,F3K89Vlz-80,https://www.youtube.com/watch?v=F3K89Vlz-80,2023-07-14,2022-03-09 22:04:14,-492.0,245616,4526,842,16400000,3,0,0,0,0,0,0,0,44,100,41,21,16.0,9.0,8.0,8.0,Basic Trailer
Capcom,Exoprimal,Gameplay Video,y0C6jGyzIZs,https://www.youtube.com/watch?v=y0C6jGyzIZs,2023-07-14,2022-06-15 20:52:07,-394.0,80935,1354,0,336000,16,0,0,0,0,0,100,75,20,24,9,12,20.0,15.0,11.0,11.0,Gameplay Content
Capcom,Exoprimal,Trailer,UD003Da8gmY,https://www.youtube.com/watch?v=UD003Da8gmY,2023-07-14,2022-09-15 09:43:32,-302.0,19937,697,123,336000,2,0,0,19,0,0,0,0,100,39,0,0,0.0,0.0,0.0,0.0,Basic Trailer
Capcom,Exoprimal,Release Date Trailer,xLyNU4TlY8A,https://www.youtube.com/watch?v=xLyNU4TlY8A,2023-07-14,2023-03-09 22:46:43,-127.0,34325,847,233,336000,3,0,4,0,0,0,0,0,31,85,28,23,23.0,31.0,59.0,100.0,Other
Capcom,Exoprimal,Trailer,zyOToI3GLrc,https://www.youtube.com/watch?v=zyOToI3GLrc,2023-07-14,2023-06-08 19:19:58,-36.0,34372,979,162,336000,1,16,18,16,16,17,14,12,80,43,26,24,100.0,99.0,54.0,64.0,Basic Trailer
Capcom,Exoprimal,Dev Diary,rinTW3RXsiw,https://www.youtube.com/watch?v=rinTW3RXsiw,2023-07-14,2023-06-12 22:42:03,-32.0,50835,572,66,19200000,6,11,9,8,53,28,17,16,66,66,35,42,100.0,94.0,88.0,48.0,Developer Content
Capcom,Monster Hunter Rise: Sunbreak,Trailer,rfJPiPAKFaY,https://www.youtube.com/watch?v=rfJPiPAKFaY,2022-06-29,2022-06-13 22:18:43,-16.0,72477,3977,506,637000,3,16,11,13,15,10,10,16,30,95,100,48,36.0,31.0,30.0,32.0,Basic Trailer
Capcom,Monster Hunter Rise: Sunbreak,Release Date Trailer,Tf9yFLyelU8,https://www.youtube.com/watch?v=Tf9yFLyelU8,2022-06-29,2022-03-15 17:30:46,-106.0,277130,7494,747,10000000,3,12,10,7,9,7,10,14,100,68,39,18,16.0,14.0,10.0,12.0,Other
Capcom,Monster Hunter Rise: Sunbreak,Trailer,t4TnDgyLhQs,https://www.youtube.com/watch?v=t4TnDgyLhQs,2022-06-29,2022-06-28 13:03:07,-1.0,374838,12925,1952,637000,4,11,9,12,13,14,14,15,26,62,100,69,64.0,66.0,48.0,42.0,Basic Trailer
Capcom,Resident Evil Re:Verse,Launch Trailer,raCeTkW4Ts0,https://www.youtube.com/watch?v=raCeTkW4Ts0,2022-10-28,2022-10-20 22:26:33,-8.0,129791,3789,461,506000,1,0,0,0,0,0,0,0,31,37,24,36,100.0,64.0,0.0,35.0,Other
Capcom,Dead Rising Deluxe Remaster,Teaser,xyZ7gagpgsU,https://www.youtube.com/watch?v=xyZ7gagpgsU,2024-09-19,2024-06-26 15:00:05,-85.0,103322,3180,728,67600,1,0,0,0,0,0,0,0,46,44,19,15,12.0,36.0,100.0,57.0,Other
Capcom,Dead Rising Deluxe Remaster,Release Date Trailer,FIAiUWhxmrs,https://www.youtube.com/watch?v=FIAiUWhxmrs,2024-09-19,2024-07-01 22:23:09,-80.0,396125,12317,2796,336000,2,0,0,46,44,19,15,12,36,100,57,27,22.0,12.0,15.0,11.0,Other
Capcom,Capcom Arcade 2nd Stadium,Announcement Trailer,jSLCPk50iyQ,https://www.youtube.com/watch?v=jSLCPk50iyQ,2022-07-22,2022-06-09 19:30:29,-43.0,97909,1709,521,336000,2,0,0,0,0,0,0,0,0,100,55,0,0.0,0.0,0.0,0.0,Basic Trailer
Capcom,Street Fighter 6,Announcement Trailer,1INU3FOJsTw,https://www.youtube.com/watch?v=1INU3FOJsTw,2023-06-02,2022-06-02 22:35:36,-365.0,1968892,41451,3092,379000,3,1,1,1,2,2,2,2,19,100,66,42,34.0,24.0,18.0,23.0,Basic Trailer
Capcom,Street Fighter 6,Teaser,SwPzuBj01AM,https://www.youtube.com/watch?v=SwPzuBj01AM,2023-06-02,2022-02-21 05:35:58,-466.0,2006269,52979,6632,379000,1,2,2,2,1,2,3,5,100,57,29,15,9.0,8.0,8.0,6.0,Other
Capcom,Street Fighter 6,Trailer,B4qAARQdHO4,https://www.youtube.com/watch?v=B4qAARQdHO4,2023-06-02,2022-09-15 14:31:36,-260.0,459490,20513,1997,379000,4,10,8,8,9,8,9,16,95,100,74,45,29.0,30.0,29.0,24.0,Basic Trailer
Capcom,Street Fighter 6,Trailer,AhYdrHBmTGw,https://www.youtube.com/watch?v=AhYdrHBmTGw,2023-06-02,2022-09-15 15:15:48,-260.0,891323,21272,1415,19200000,4,10,8,8,9,8,9,16,95,100,74,45,29.0,30.0,29.0,24.0,Basic Trailer
Capcom,Street Fighter 6,Gameplay Trailer,R95UcBkV37I,https://www.youtube.com/watch?v=R95UcBkV37I,2023-06-02,2022-09-16 05:49:47,-259.0,95824,1838,253,19200000,2,8,8,9,8,9,16,95,100,74,45,29,30.0,29.0,24.0,20.0,Gameplay Content
Capcom,Street Fighter 6,Gameplay Video,y9E0_T50pJo,https://www.youtube.com/watch?v=y9E0_T50pJo,2023-06-02,2022-09-16 05:44:52,-259.0,40209,911,88,19200000,3,8,8,9,8,9,16,95,100,74,45,29,30.0,29.0,24.0,20.0,Gameplay Content
Capcom,Street Fighter 6,Trailer,65_9cQyQOzU,https://www.youtube.com/watch?v=65_9cQyQOzU,2023-06-02,2023-03-09 22:36:44,-85.0,111258,3547,496,379000,2,80,94,99,89,99,91,88,86,100,96,93,70.0,70.0,82.0,80.0,Basic Trailer
Capcom,Street Fighter 6,Trailer,ilw0xDkfk2Q,https://www.youtube.com/watch?v=ilw0xDkfk2Q,2023-06-02,2022-12-09 01:02:55,-175.0,695982,17328,2292,379000,3,20,16,16,14,14,12,24,100,50,39,33,28.0,42.0,35.0,66.0,Basic Trailer
Capcom,Street Fighter 6,Gameplay Trailer,F2347gyZp0U,https://www.youtube.com/watch?v=F2347gyZp0U,2023-06-02,2023-02-23 21:26:09,-99.0,863461,31764,3903,379000,4,16,17,17,18,23,21,24,38,100,71,53,38.0,32.0,28.0,27.0,Gameplay Content
Capcom,Street Fighter 6,Trailer,HPEDfsHQL4k,https://www.youtube.com/watch?v=HPEDfsHQL4k,2023-06-02,2023-05-24 20:41:34,-9.0,268542,8741,1266,379000,2,17,28,60,65,48,35,26,26,28,28,28,29.0,33.0,100.0,88.0,Basic Trailer
Capcom,Street Fighter 6,Dev Diary,uWvc0BJj77g,https://www.youtube.com/watch?v=uWvc0BJj77g,2023-06-02,2022-11-14 22:05:16,-200.0,36996,1959,203,745000,17,92,77,100,85,90,100,99,77,80,65,87,77.0,92.0,89.0,71.0,Developer Content
Capcom,Resident Evil Village: Gold Edition,Announcement Trailer,IJDIenuQepo,https://www.youtube.com/watch?v=IJDIenuQepo,2022-10-28,2022-06-13 22:28:17,-137.0,326151,12411,965,506000,2,0,0,0,0,0,0,0,19,100,40,0,25.0,0.0,0.0,0.0,Basic Trailer
Capcom,Resident Evil Village: Gold Edition,Story Trailer,ZSJJLSxEkZw,https://www.youtube.com/watch?v=ZSJJLSxEkZw,2022-10-28,2022-10-20 22:26:32,-8.0,36060,1427,48,506000,2,0,15,19,20,17,20,27,44,100,59,64,74.0,70.0,71.0,97.0,Story/Cinematic
Capcom,Resident Evil 4: Deluxe Edition,Trailer,j5Xv2lM9wes,https://www.youtube.com/watch?v=j5Xv2lM9wes,2023-03-24,2023-03-24 04:03:18,0.0,386481,9618,526,506000,1,30,30,28,26,26,36,67,100,63,52,28,20.0,21.0,22.0,22.0,Basic Trailer
Capcom,Resident Evil 4: Deluxe Edition,Trailer,cMzJv0LOJYo,https://www.youtube.com/watch?v=cMzJv0LOJYo,2023-03-24,2022-10-20 23:10:31,-155.0,562940,31553,2199,506000,2,0,0,0,0,0,0,0,32,100,36,32,29.0,17.0,0.0,0.0,Basic Trailer
Capcom,Resident Evil Village: Shadows of Rose,Trailer,2WtMjZkwdCE,https://www.youtube.com/watch?v=2WtMjZkwdCE,2022-10-28,2022-06-14 01:15:17,-136.0,3202246,113943,3810,486000,3,0,0,0,0,0,0,0,100,55,0,0,0.0,0.0,0.0,0.0,Basic Trailer
Capcom,Monster Hunter Now,Trailer,mwldbQnLKlI,https://www.youtube.com/watch?v=mwldbQnLKlI,2023-09-14,2023-04-18 05:00:18,-149.0,243564,3775,618,20300,1,0,0,0,0,0,0,0,100,53,20,12,9.0,12.0,14.0,20.0,Basic Trailer
Capcom,Resident Evil 4: The Mercenaries,Launch Trailer,u06pFztr7_E,https://www.youtube.com/watch?v=u06pFztr7_E,2023-04-07,2023-04-07 04:00:33,0.0,184288,5742,423,16400000,1,0,0,0,13,12,0,43,100,43,30,12,0.0,0.0,0.0,0.0,Other
Capcom,Kunitsu-Gami: Path of the Goddess,Trailer,TBbz12bhyE8,https://www.youtube.com/watch?v=TBbz12bhyE8,2024-07-19,2024-07-01 22:12:58,-18.0,17215,290,31,336000,1,27,0,0,0,31,0,31,41,100,49,0,30.0,0.0,37.0,0.0,Basic Trailer
Capcom,Kunitsu-Gami: Path of the Goddess,Announcement Trailer,4PekONLKFGU,https://www.youtube.com/watch?v=4PekONLKFGU,2024-07-19,2023-06-11 17:34:11,-404.0,293451,6579,292,5640000,2,0,0,0,0,0,0,0,0,100,0,0,0.0,0.0,0.0,0.0,Basic Trailer
Capcom,Kunitsu-Gami: Path of the Goddess,Trailer,4EamjuZSXJk,https://www.youtube.com/watch?v=4EamjuZSXJk,2024-07-19,2023-06-12 22:03:43,-403.0,108157,2651,219,336000,2,0,0,0,0,0,0,0,100,0,0,0,0.0,0.0,0.0,0.0,Basic Trailer
Capcom,Kunitsu-Gami: Path of the Goddess,Gameplay Trailer,PXWDAblmx6U,https://www.youtube.com/watch?v=PXWDAblmx6U,2024-07-19,2024-03-06 18:36:50,-135.0,141415,5507,552,336000,3,0,0,0,0,0,0,0,100,0,0,0,0.0,0.0,0.0,0.0,Gameplay Content
Capcom,Kunitsu-Gami: Path of the Goddess,Trailer,fHI_Cry5PbY,https://www.youtube.com/watch?v=fHI_Cry5PbY,2024-07-19,2024-03-07 23:09:28,-134.0,68811,2489,229,336000,6,0,0,0,0,0,0,100,0,0,0,0,0.0,0.0,0.0,0.0,Basic Trailer
Capcom,Kunitsu-Gami: Path of the Goddess,Trailer,y6QANRrgx60,https://www.youtube.com/watch?v=y6QANRrgx60,2024-07-19,2024-06-08 01:21:12,-41.0,45008,761,47,19200000,1,0,0,0,0,0,0,0,100,0,58,59,0.0,0.0,0.0,0.0,Basic Trailer
Capcom,Mega Man X Dive Offline,Announcement Trailer,i0FLILhCrrY,https://www.youtube.com/watch?v=i0FLILhCrrY,2023-09-01,2023-06-12 22:06:29,-81.0,265709,4314,1094,336000,2,0,0,0,0,0,0,0,47,100,44,0,0.0,36.0,0.0,0.0,Basic Trailer
Capcom,Mega Man X Dive Offline,Launch Trailer,hJ74saDu6XA,https://www.youtube.com/watch?v=hJ74saDu6XA,2023-09-01,2023-09-01 04:05:03,0.0,40473,704,140,336000,2,0,10,0,0,0,0,9,78,100,75,54,38.0,44.0,40.0,29.0,Other
Capcom,Mega Man X Dive Offline,Trailer,oFLUE909ZS0,https://www.youtube.com/watch?v=oFLUE909ZS0,2023-09-01,2023-09-01 04:05:09,0.0,50784,1351,276,336000,2,0,10,0,0,0,0,9,78,100,75,54,38.0,44.0,40.0,29.0,Basic Trailer
Capcom,Clock Tower: Rewind,Trailer,ixbqTAPCApQ,https://www.youtube.com/watch?v=ixbqTAPCApQ,2024-10-29,2024-06-20 18:39:46,-131.0,11907,389,43,28900,2,0,0,0,0,0,0,0,100,0,0,0,0.0,0.0,0.0,0.0,Basic Trailer
Capcom,Clock Tower: Rewind,Gameplay Trailer,Jc6rN9_XLt4,https://www.youtube.com/watch?v=Jc6rN9_XLt4,2024-10-29,2024-06-06 19:32:10,-145.0,142006,6816,520,1180000,2,60,100,51,0,0,0,0,60,78,0,0,0.0,0.0,45.0,0.0,Gameplay Content
Capcom,Clock Tower: Rewind,Gameplay Trailer,EdV1kzvyr9w,https://www.youtube.com/watch?v=EdV1kzvyr9w,2024-10-29,2024-06-10 20:55:00,-141.0,117484,2605,311,78400,2,0,0,0,77,100,0,0,0,0,58,0,0.0,0.0,0.0,0.0,Gameplay Content
Capcom,Clock Tower: Rewind,Release Date Trailer,U0zbAPIxJBc,https://www.youtube.com/watch?v=U0zbAPIxJBc,2024-10-29,2024-10-25 16:15:15,-4.0,55859,2409,228,1180000,2,0,0,0,0,0,0,11,0,27,26,27,100.0,65.0,66.0,50.0,Other
Capcom,Clock Tower: Rewind,Launch Trailer,nQ3B8SxLs5o,https://www.youtube.com/watch?v=nQ3B8SxLs5o,2024-10-29,2024-10-29 16:55:00,0.0,20186,845,81,78400,1,0,0,11,0,27,26,27,100,65,66,50,43.0,28.0,21.0,13.0,Other
Capcom,Mega Man Battle Network Legacy Collection,Trailer,5anP8oC-ePY,https://www.youtube.com/watch?v=5anP8oC-ePY,2023-04-14,2022-06-28 13:04:38,-290.0,428942,17969,3847,336000,1,0,0,0,0,0,0,0,100,48,0,0,0.0,0.0,0.0,33.0,Basic Trailer
Capcom,Mega Man Battle Network Legacy Collection,Gameplay Trailer,cvz6ENMCZ4k,https://www.youtube.com/watch?v=cvz6ENMCZ4k,2023-04-14,2023-03-09 22:58:06,-36.0,217568,3738,416,19200000,3,0,0,0,0,0,0,0,0,100,0,0,59.0,0.0,0.0,0.0,Gameplay Content
Capcom,Mega Man Battle Network Legacy Collection,Trailer,hKu4av6xTNY,https://www.youtube.com/watch?v=hKu4av6xTNY,2023-04-14,2022-12-14 00:00:07,-121.0,111188,4433,812,336000,2,0,0,0,0,0,0,0,100,0,0,29,0.0,0.0,0.0,0.0,Basic Trailer
Capcom,Resident Evil 4: Gold Edition,Launch Trailer,skUWFSK9TdM,https://www.youtube.com/watch?v=skUWFSK9TdM,2024-02-09,2024-02-01 16:00:40,-8.0,164517,4191,487,506000,1,0,0,0,0,0,0,0,93,100,78,73,40.0,27.0,38.0,50.0,Other
Capcom,Resident Evil 4: Separate Ways,Trailer,KB4RHghEoeU,https://www.youtube.com/watch?v=KB4RHghEoeU,2023-09-21,2023-09-14 21:12:33,-7.0,411546,18511,941,16400000,2,0,1,0,0,0,0,0,14,28,13,10,26.0,22.0,42.0,100.0,Basic Trailer
Capcom,Resident Evil 4: Separate Ways,Trailer,YNqyi-g7dJQ,https://www.youtube.com/watch?v=YNqyi-g7dJQ,2023-09-21,2023-09-14 23:29:55,-7.0,59399,1505,87,19200000,2,0,1,0,0,0,0,0,14,28,13,10,26.0,22.0,42.0,100.0,Basic Trailer
Capcom,Resident Evil 4: Separate Ways,Trailer,oltVkKkWFHI,https://www.youtube.com/watch?v=oltVkKkWFHI,2023-09-21,2023-09-21 14:31:40,0.0,45651,1074,115,19200000,2,14,28,13,10,26,22,42,100,62,53,43,27.0,23.0,18.0,15.0,Basic Trailer
Capcom,Street Fighter 6: Year 1 - Ed,Launch Trailer,1Xtj-6d6nys,https://www.youtube.com/watch?v=1Xtj-6d6nys,2024-02-27,2024-02-27 08:00:00,0.0,93013,3642,314,379000,1,0,0,0,0,0,0,0,0,0,0,0,0.0,0.0,0.0,100.0,Other
Capcom,Marvel vs. Capcom Fighting Collection: Arcade Classics,Announcement Trailer,r4dWMgWrCMQ,https://www.youtube.com/watch?v=r4dWMgWrCMQ,2024-09-12,2024-06-18 14:24:43,-86.0,51999,4771,881,34800,3,0,0,0,0,0,0,0,100,0,0,0,0.0,0.0,0.0,0.0,Basic Trailer
Capcom,Marvel vs. Capcom Fighting Collection: Arcade Classics,Launch Trailer,QNTZnjzFH8o,https://www.youtube.com/watch?v=QNTZnjzFH8o,2024-09-12,2024-09-12 04:09:01,0.0,51471,3653,467,34800,4,0,0,0,0,0,0,45,100,37,0,0,0.0,0.0,0.0,0.0,Other
Capcom,Ace Attorney Investigations Collection,Trailer,PLFMaakr_xg,https://www.youtube.com/watch?v=PLFMaakr_xg,2024-09-06,2024-06-18 14:38:11,-80.0,158352,7365,1074,336000,2,0,0,0,0,0,0,0,100,43,21,11,10.0,11.0,0.0,0.0,Basic Trailer
Capcom,Ace Attorney Investigations Collection,Trailer,YReY4H6sulA,https://www.youtube.com/watch?v=YReY4H6sulA,2024-09-06,2024-08-23 08:00:42,-14.0,12127,573,106,336000,2,0,64,66,0,0,0,0,95,64,100,65,63.0,64.0,61.0,0.0,Basic Trailer
Capcom,Ace Attorney Investigations Collection,Launch Trailer,vDEm337yt5U,https://www.youtube.com/watch?v=vDEm337yt5U,2024-09-06,2024-09-06 04:00:28,0.0,14007,616,48,336000,2,0,19,12,19,31,44,50,100,72,39,47,26.0,25.0,29.0,29.0,Other
Capcom,Monster Hunter Wilds,Trailer,O3syM4tV8Xw,https://www.youtube.com/watch?v=O3syM4tV8Xw,2025-02-28,2023-12-08 03:57:45,-448.0,261413,5136,441,5720000,2,0,0,0,0,0,0,0,100,24,12,8,5.0,5.0,4.0,3.0,Basic Trailer
Capcom,Monster Hunter Wilds,Trailer,URG75CDX_rg,https://www.youtube.com/watch?v=URG75CDX_rg,2025-02-28,2024-05-30 22:33:18,-274.0,1391493,41052,2644,16400000,3,2,3,2,3,3,1,3,22,100,44,32,22.0,17.0,18.0,15.0,Basic Trailer
Capcom,Monster Hunter Wilds,Trailer,qsw5lB5n7Qw,https://www.youtube.com/watch?v=qsw5lB5n7Qw,2025-02-28,2024-06-07 22:58:14,-266.0,33594,744,72,5630000,2,100,44,32,22,17,18,15,27,49,25,15,12.0,17.0,20.0,15.0,Basic Trailer
Capcom,Monster Hunter Wilds,Trailer,qp4gR1QEvVA,https://www.youtube.com/watch?v=qp4gR1QEvVA,2025-02-28,2024-08-20 19:01:15,-192.0,1183013,61473,5626,637000,3,29,28,31,27,31,43,35,63,100,83,64,61.0,53.0,42.0,31.0,Basic Trailer
Capcom,Monster Hunter Wilds,Trailer,H7BBgOKA4O0,https://www.youtube.com/watch?v=H7BBgOKA4O0,2025-02-28,2025-02-04 22:32:42,-24.0,144439,3357,399,19200000,3,10,11,12,14,15,15,15,21,44,56,100,77.0,68.0,37.0,26.0,Basic Trailer
Capcom,Monster Hunter Wilds,Release Date Trailer,0dJpKRWYNkE,https://www.youtube.com/watch?v=0dJpKRWYNkE,2025-02-28,2024-09-24 22:28:22,-157.0,707228,22449,1637,16400000,4,6,5,5,6,7,6,6,28,100,54,40,34.0,28.0,21.0,21.0,Other
Capcom,Monster Hunter Wilds,Gameplay Trailer,jxSlVspp1cI,https://www.youtube.com/watch?v=jxSlVspp1cI,2025-02-28,2024-09-26 14:23:57,-155.0,402880,18441,1622,637000,12,5,6,7,6,6,28,100,54,40,34,28,21.0,21.0,18.0,16.0,Gameplay Content
Capcom,Monster Hunter Wilds,Release Date Trailer,XPdu9Q9Kxbk,https://www.youtube.com/watch?v=XPdu9Q9Kxbk,2025-02-28,2024-09-26 14:25:19,-155.0,452333,14631,1029,637000,4,5,6,7,6,6,28,100,54,40,34,28,21.0,21.0,18.0,16.0,Other
Capcom,Monster Hunter Wilds,Launch Trailer,v6EzFIWkiEI,https://www.youtube.com/watch?v=v6EzFIWkiEI,2025-02-28,2025-02-12 22:03:45,-16.0,162149,4574,316,16400000,4,44,56,100,77,68,37,26,28,36,50,45,50.0,35.0,32.0,27.0,Other
Capcom,Monster Hunter Wilds,Dev Diary,HEtlYynnj5Y,https://www.youtube.com/watch?v=HEtlYynnj5Y,2025-02-28,2024-12-05 21:58:27,-85.0,3790,112,7,299000,4,66,61,52,75,62,74,100,75,66,65,69,61.0,57.0,49.0,66.0,Developer Content
Capcom,Capcom Fighting Collection 2,Announcement Trailer,4bkLKebJ2so,https://www.youtube.com/watch?v=4bkLKebJ2so,2025-05-16,2024-08-27 14:29:48,-262.0,347134,11591,1437,10000000,2,0,0,0,0,0,0,0,100,56,24,14,14.0,12.0,11.0,16.0,Basic Trailer
Capcom,Capcom Fighting Collection 2,Release Date Trailer,Lg0CArlBUNc,https://www.youtube.com/watch?v=Lg0CArlBUNc,2025-05-16,2025-02-05 14:51:29,-100.0,8712,265,42,1160000,5,15,18,15,0,13,15,39,100,47,38,21,22.0,18.0,14.0,14.0,Other
Capcom,Capcom Fighting Collection 2,Trailer,5hDIAiXSMR0,https://www.youtube.com/watch?v=5hDIAiXSMR0,2025-05-16,2025-02-04 22:11:15,-101.0,97272,3797,622,336000,5,16,15,18,15,0,13,15,39,100,47,38,21.0,22.0,18.0,14.0,Basic Trailer
Capcom,Monster Hunter Wilds: Title Update 1,Trailer,T6y-0sBUKGI,https://www.youtube.com/watch?v=T6y-0sBUKGI,2025-04-03,2025-03-25 14:14:50,-9.0,614301,23183,3058,637000,2,0,23,0,0,0,0,31,100,25,0,0,0.0,0.0,0.0,44.0,Basic Trailer
Capcom,Monster Hunter Wilds: Title Update 2,Trailer,GAf4Z4rCpK4,https://www.youtube.com/watch?v=GAf4Z4rCpK4,2025-06-30,2025-06-26 22:41:44,-4.0,594328,27740,3299,637000,2,15,0,18,22,16,0,16,42,49,31,55,100.0,44.0,14.0,0.0,Basic Trailer
Capcom,Dino Crisis Bundle,Trailer,dFj7yBrt6So,https://www.youtube.com/watch?v=dFj7yBrt6So,2025-01-29,2025-01-29 11:07:11,0.0,48017,1345,139,83100,2,0,0,0,0,0,0,0,100,73,77,0,0.0,0.0,0.0,0.0,Basic Trailer
Capcom,Dino Crisis Bundle,Trailer,qJisPio9sfE,https://www.youtube.com/watch?v=qJisPio9sfE,2025-01-29,2025-01-29 11:07:56,0.0,36020,967,106,83100,3,0,0,0,0,0,0,0,100,73,77,0,0.0,0.0,0.0,0.0,Basic Trailer
Capcom,Dino Crisis Bundle,Dev Diary,7pmc5yIEE2g,https://www.youtube.com/watch?v=7pmc5yIEE2g,2025-01-29,2025-01-29 08:45:00,0.0,23513,2339,324,7370,4,0,0,0,0,0,0,0,100,73,77,0,0.0,0.0,0.0,0.0,Developer Content
Capcom,Street Fighter 6: Year 2 - Elena,Launch Trailer,rrLoQ-m679w,https://www.youtube.com/watch?v=rrLoQ-m679w,2025-06-04,2025-06-04 15:01:25,0.0,63068,2880,341,379000,1,0,0,100,0,0,0,0,0,0,0,0,0.0,0.0,0.0,0.0,Other
Capcom,Street Fighter 6,Announcement Trailer,1INU3FOJsTw,https://www.youtube.com/watch?v=1INU3FOJsTw,2023-06-02,2022-06-02 22:35:36,-365.0,1968892,41451,3092,379000,3,1,1,1,2,2,2,2,19,100,66,42,34.0,24.0,18.0,23.0,Basic Trailer
Capcom,Street Fighter 6,Teaser,SwPzuBj01AM,https://www.youtube.com/watch?v=SwPzuBj01AM,2023-06-02,2022-02-21 05:35:58,-466.0,2006269,52979,6632,379000,1,2,2,2,1,2,3,5,100,57,29,15,9.0,8.0,8.0,6.0,Other
Capcom,Street Fighter 6,Trailer,B4qAARQdHO4,https://www.youtube.com/watch?v=B4qAARQdHO4,2023-06-02,2022-09-15 14:31:36,-260.0,459490,20513,1997,379000,4,10,8,8,9,8,9,16,95,100,74,45,29.0,30.0,29.0,24.0,Basic Trailer
Capcom,Street Fighter 6,Trailer,AhYdrHBmTGw,https://www.youtube.com/watch?v=AhYdrHBmTGw,2023-06-02,2022-09-15 15:15:48,-260.0,891323,21272,1415,19200000,4,10,8,8,9,8,9,16,95,100,74,45,29.0,30.0,29.0,24.0,Basic Trailer
Capcom,Street Fighter 6,Gameplay Trailer,R95UcBkV37I,https://www.youtube.com/watch?v=R95UcBkV37I,2023-06-02,2022-09-16 05:49:47,-259.0,95824,1838,253,19200000,2,8,8,9,8,9,16,95,100,74,45,29,30.0,29.0,24.0,20.0,Gameplay Content
Capcom,Street Fighter 6,Gameplay Video,y9E0_T50pJo,https://www.youtube.com/watch?v=y9E0_T50pJo,2023-06-02,2022-09-16 05:44:52,-259.0,40209,911,88,19200000,3,8,8,9,8,9,16,95,100,74,45,29,30.0,29.0,24.0,20.0,Gameplay Content
Capcom,Street Fighter 6,Trailer,65_9cQyQOzU,https://www.youtube.com/watch?v=65_9cQyQOzU,2023-06-02,2023-03-09 22:36:44,-85.0,111258,3547,496,379000,2,80,94,99,89,99,91,88,86,100,96,93,70.0,70.0,82.0,80.0,Basic Trailer
Capcom,Street Fighter 6,Trailer,ilw0xDkfk2Q,https://www.youtube.com/watch?v=ilw0xDkfk2Q,2023-06-02,2022-12-09 01:02:55,-175.0,695982,17328,2292,379000,3,20,16,16,14,14,12,24,100,50,39,33,28.0,42.0,35.0,66.0,Basic Trailer
Capcom,Street Fighter 6,Gameplay Trailer,F2347gyZp0U,https://www.youtube.com/watch?v=F2347gyZp0U,2023-06-02,2023-02-23 21:26:09,-99.0,863461,31764,3903,379000,4,16,17,17,18,23,21,24,38,100,71,53,38.0,32.0,28.0,27.0,Gameplay Content
Capcom,Street Fighter 6,Trailer,HPEDfsHQL4k,https://www.youtube.com/watch?v=HPEDfsHQL4k,2023-06-02,2023-05-24 20:41:34,-9.0,268542,8741,1266,379000,2,17,28,60,65,48,35,26,26,28,28,28,29.0,33.0,100.0,88.0,Basic Trailer
Capcom,Street Fighter 6,Dev Diary,uWvc0BJj77g,https://www.youtube.com/watch?v=uWvc0BJj77g,2023-06-02,2022-11-14 22:05:16,-200.0,36996,1959,203,745000,17,92,77,100,85,90,100,99,77,80,65,87,77.0,92.0,89.0,71.0,Developer Content
Electronic Arts,The Sims 4: My Wedding Stories,Announcement Trailer,xr_5WU_nWrA,https://www.youtube.com/watch?v=xr_5WU_nWrA,2022-02-23,2022-02-08 16:00:11,-15.0,1523392,74158,6386,1930000,3,0,0,0,0,0,0,0,0,0,0,100,0.0,0.0,0.0,0.0,Basic Trailer
Electronic Arts,The Sims 4: My Wedding Stories,Dev Diary,NKI-vXYRORA,https://www.youtube.com/watch?v=NKI-vXYRORA,2022-02-23,2022-02-11 20:17:21,-12.0,440740,13317,2224,1930000,67,0,0,0,0,0,0,0,32,0,0,0,0.0,46.0,100.0,27.0,Developer Content
Electronic Arts,MySims: Cozy Bundle,Trailer,CDT5kxDL15U,https://www.youtube.com/watch?v=CDT5kxDL15U,2024-11-19,2024-08-27 14:36:35,-84.0,577753,17189,2004,10000000,1,0,0,0,0,0,0,0,100,83,27,0,0.0,0.0,0.0,0.0,Basic Trailer
Electronic Arts,The Sims 4: Life and Death,Trailer,cHBa2dusw64,https://www.youtube.com/watch?v=cHBa2dusw64,2024-10-31,2024-10-03 14:58:06,-28.0,1733909,69939,5993,1930000,3,0,0,0,0,0,0,0,100,90,41,0,0.0,0.0,0.0,0.0,Basic Trailer
Electronic Arts,Apex Legends: Defiance,Gameplay Trailer,OtVABKfc_AE,https://www.youtube.com/watch?v=OtVABKfc_AE,2022-02-08,2022-01-31 16:00:13,-8.0,5745912,161064,8427,2790000,5,86,16,0,36,29,0,0,73,79,37,19,26.0,33.0,0.0,100.0,Gameplay Content
Electronic Arts,The Sims 4: Werewolves,Trailer,OGmEEtpXXpM,https://www.youtube.com/watch?v=OGmEEtpXXpM,2022-06-16,2022-06-02 15:00:42,-14.0,1729081,69350,6821,1930000,2,0,0,0,0,0,0,0,100,84,34,53,28.0,27.0,26.0,0.0,Basic Trailer
Electronic Arts,Wild Hearts,Reveal Trailer,hxcnwH8TPEg,https://www.youtube.com/watch?v=hxcnwH8TPEg,2023-02-16,2022-09-28 14:00:11,-141.0,1756761,23520,2124,19200,3,10,10,7,12,11,17,32,99,100,54,51,45.0,39.0,31.0,67.0,Basic Trailer
Electronic Arts,Wild Hearts,Trailer,3Unvi9AYupc,https://www.youtube.com/watch?v=3Unvi9AYupc,2023-02-16,2022-12-09 04:36:06,-69.0,124513,1619,143,19200000,1,25,25,26,14,21,23,47,100,72,51,39,39.0,28.0,32.0,32.0,Basic Trailer
Electronic Arts,Star Wars Jedi: Survivor - Deluxe Edition,Gameplay Trailer,VRaobDJjiec,https://www.youtube.com/watch?v=VRaobDJjiec,2023-04-28,2022-12-09 01:52:37,-140.0,8139523,208522,12692,915000,2,0,0,0,0,0,0,0,100,0,0,0,0.0,0.0,0.0,0.0,Gameplay Content
Electronic Arts,EA Sports PGA Tour,Teaser,AnwkPFtOAfY,https://www.youtube.com/watch?v=AnwkPFtOAfY,2023-04-07,2022-10-11 15:01:17,-178.0,98964,995,218,7480,0,0,0,0,0,0,0,0,97,100,47,43,0.0,0.0,0.0,0.0,Other
Electronic Arts,EA Sports PGA Tour,Trailer,SzOJO4LwEj4,https://www.youtube.com/watch?v=SzOJO4LwEj4,2023-04-07,2023-03-21 15:00:09,-17.0,190192,2123,627,7480,3,54,45,44,44,67,48,63,91,100,59,77,73.0,62.0,67.0,82.0,Basic Trailer
Electronic Arts,EA Sports PGA Tour,Trailer,uZQKSnGp4ZA,https://www.youtube.com/watch?v=uZQKSnGp4ZA,2023-04-07,2023-02-21 16:00:07,-45.0,140132,1471,575,7480,3,27,23,24,30,32,39,41,67,100,62,49,58.0,39.0,34.0,37.0,Basic Trailer
Electronic Arts,EA Sports PGA Tour,Gameplay Trailer,XeJ_KuMZPb4,https://www.youtube.com/watch?v=XeJ_KuMZPb4,2023-04-07,2023-01-19 16:00:09,-78.0,575863,5055,1413,7480,4,7,9,0,0,0,0,19,100,94,32,32,30.0,28.0,25.0,14.0,Gameplay Content
Electronic Arts,Madden NFL 23,Announcement Trailer,Qv6G_w8RUOo,https://www.youtube.com/watch?v=Qv6G_w8RUOo,2022-08-19,2022-06-02 13:58:24,-78.0,910458,19372,3244,800000,1,0,0,24,0,21,32,100,97,67,64,35,53.0,39.0,30.0,18.0,Basic Trailer
Electronic Arts,Madden NFL 23,Gameplay Trailer,BlU-Fjm7_oA,https://www.youtube.com/watch?v=BlU-Fjm7_oA,2022-08-19,2022-06-06 13:58:24,-74.0,908826,15956,2883,800000,5,21,32,100,97,67,64,35,53,39,30,18,17.0,20.0,0.0,0.0,Gameplay Content
Electronic Arts,Madden NFL 23,Launch Trailer,RT9OYOLHFcg,https://www.youtube.com/watch?v=RT9OYOLHFcg,2022-08-19,2022-08-19 13:58:05,0.0,177096,3411,559,800000,1,32,50,55,58,62,57,52,100,77,67,50,46.0,35.0,29.0,33.0,Other
Electronic Arts,The Sims 4: Growing Together,Trailer,2cnHYMrxAhc,https://www.youtube.com/watch?v=2cnHYMrxAhc,2023-03-16,2023-02-02 16:00:11,-42.0,2255743,80028,4395,1930000,2,0,0,0,0,0,0,0,100,73,53,43,27.0,21.0,0.0,0.0,Basic Trailer
Electronic Arts,Immortals of Aveum,Trailer,mNP3ztvNBFI,https://www.youtube.com/watch?v=mNP3ztvNBFI,2023-08-22,2023-04-13 16:00:10,-131.0,2351757,16965,2371,19100,3,0,0,6,6,5,4,0,56,100,43,39,28.0,20.0,17.0,29.0,Basic Trailer
Electronic Arts,Immortals of Aveum,Teaser,O2yGRgEO1nQ,https://www.youtube.com/watch?v=O2yGRgEO1nQ,2023-08-22,2022-12-09 02:01:03,-256.0,126725,1769,123,19100,1,0,0,0,0,0,0,0,100,23,18,0,0.0,0.0,0.0,0.0,Other
Electronic Arts,Immortals of Aveum,Gameplay Trailer,ukw-qxRrYRo,https://www.youtube.com/watch?v=ukw-qxRrYRo,2023-08-22,2023-04-20 15:58:16,-124.0,3059731,7695,1485,19100,6,56,100,43,39,28,20,17,29,62,48,28,22.0,15.0,13.0,10.0,Gameplay Content
Electronic Arts,Immortals of Aveum,Trailer,qsHzacjEhLw,https://www.youtube.com/watch?v=qsHzacjEhLw,2023-08-22,2023-05-24 21:14:40,-90.0,136276,2750,222,16400000,2,0,10,15,0,13,12,12,77,100,38,30,28.0,22.0,23.0,44.0,Basic Trailer
Electronic Arts,Immortals of Aveum,Trailer,x1R8GXQK5gQ,https://www.youtube.com/watch?v=x1R8GXQK5gQ,2023-08-22,2023-06-08 20:42:08,-75.0,15919,166,46,5720000,3,53,37,32,37,23,20,25,100,70,35,33,32.0,13.0,33.0,27.0,Basic Trailer
Electronic Arts,Immortals of Aveum,Launch Trailer,KPBJlCWCtco,https://www.youtube.com/watch?v=KPBJlCWCtco,2023-08-22,2023-08-18 15:58:15,-4.0,171320,1209,390,19100,1,3,3,4,4,4,4,5,10,11,11,25,100.0,60.0,32.0,25.0,Other
Electronic Arts,The Sims 4: Horse Ranch,Trailer,GaUZ5ph7qD4,https://www.youtube.com/watch?v=GaUZ5ph7qD4,2023-07-20,2023-06-22 16:58:08,-28.0,1560978,58243,5654,1930000,2,0,0,17,0,0,50,76,100,90,53,24,18.0,32.0,22.0,19.0,Basic Trailer
Electronic Arts,The Sims 4: Horse Ranch,Gameplay Trailer,ocx3Kd1ALu4,https://www.youtube.com/watch?v=ocx3Kd1ALu4,2023-07-20,2023-07-06 14:58:08,-14.0,835664,25568,2303,1930000,3,63,76,84,76,100,0,67,81,0,0,0,77.0,74.0,0.0,57.0,Gameplay Content
Electronic Arts,The Sims 4: Crystal Creations,Trailer,rdD7je57_-4,https://www.youtube.com/watch?v=rdD7je57_-4,2024-02-29,2024-02-20 15:58:07,-9.0,764133,26819,2410,1930000,2,0,0,0,0,0,0,0,0,0,0,0,0.0,0.0,0.0,100.0,Basic Trailer
Electronic Arts,Need for Speed: Unbound,Gameplay Trailer,D5aU75h7Yzs,https://www.youtube.com/watch?v=D5aU75h7Yzs,2022-11-29,2022-10-18 15:06:05,-42.0,1318664,43323,4455,1310000,1,100,73,60,50,51,45,41,57,48,36,32,37.0,37.0,30.0,36.0,Gameplay Content
Electronic Arts,Need for Speed: Unbound,Trailer,H2Y8XCe7F9E,https://www.youtube.com/watch?v=H2Y8XCe7F9E,2022-11-29,2022-10-06 13:28:26,-54.0,6314524,179027,18833,1310000,2,4,8,6,4,4,11,24,100,83,57,37,36.0,39.0,28.0,23.0,Basic Trailer
Electronic Arts,Need for Speed: Unbound,Gameplay Trailer,CBPZapIh4MQ,https://www.youtube.com/watch?v=CBPZapIh4MQ,2022-11-29,2022-11-21 15:59:02,-8.0,971625,23773,2995,1310000,3,29,36,31,32,32,33,29,34,50,46,51,50.0,59.0,72.0,100.0,Gameplay Content
Electronic Arts,The Sims 4: Lovestruck,Trailer,JT_Xl19t1YM,https://www.youtube.com/watch?v=JT_Xl19t1YM,2024-07-25,2024-06-27 16:58:06,-28.0,1520701,39336,4917,1930000,2,0,0,0,0,0,0,0,61,100,38,0,0.0,0.0,0.0,0.0,Basic Trailer
Electronic Arts,The Sims 4: Lovestruck,Gameplay Trailer,G-MgruM4Fso,https://www.youtube.com/watch?v=G-MgruM4Fso,2024-07-25,2024-07-11 16:58:06,-14.0,802453,24997,2393,1930000,3,0,100,0,75,0,0,0,0,0,0,0,77.0,0.0,0.0,90.0,Gameplay Content
Electronic Arts,Dragon Age: The Veilguard,Trailer,drVOCrvXHhE,https://www.youtube.com/watch?v=drVOCrvXHhE,2024-10-31,2024-06-09 17:14:34,-144.0,180183,3245,799,5640000,2,0,0,0,0,17,10,8,91,96,100,68,31.0,30.0,26.0,22.0,Basic Trailer
Electronic Arts,Dragon Age: The Veilguard,Gameplay Video,CTNwHShylIg,https://www.youtube.com/watch?v=CTNwHShylIg,2024-10-31,2024-06-11 15:00:11,-142.0,4821386,87759,40147,192000,20,0,0,17,10,8,91,96,100,68,31,30,26.0,22.0,18.0,13.0,Gameplay Content
Electronic Arts,Dragon Age: The Veilguard,Release Date Trailer,g8DkDQhPx2A,https://www.youtube.com/watch?v=g8DkDQhPx2A,2024-10-31,2024-08-15 16:00:11,-77.0,1194059,45766,10514,192000,3,16,12,12,15,8,12,15,100,90,58,43,41.0,31.0,31.0,27.0,Other
Electronic Arts,Dragon Age: The Veilguard,Gameplay Trailer,AUOLOMDH-7M,https://www.youtube.com/watch?v=AUOLOMDH-7M,2024-10-31,2024-09-24 22:18:08,-37.0,92353,2430,1093,16400000,4,16,19,59,100,79,78,65,53,49,37,37,35.0,29.0,29.0,37.0,Gameplay Content
Electronic Arts,Dragon Age: The Veilguard,Launch Trailer,NdtmtuzICOI,https://www.youtube.com/watch?v=NdtmtuzICOI,2024-10-31,2024-10-24 15:00:05,-7.0,1075976,26957,11482,192000,2,6,6,7,6,7,8,9,10,11,11,13,43.0,44.0,45.0,100.0,Other
Electronic Arts,Grid Legends,Launch Trailer,1Vgj1I3YG8g,https://www.youtube.com/watch?v=1Vgj1I3YG8g,2022-02-24,2022-02-23 12:00:00,-1.0,2534846,8592,440,27200,2,11,10,10,13,12,15,29,48,55,100,68,63.0,46.0,36.0,30.0,Other
Electronic Arts,Star Wars Jedi: Survivor,Announcement Trailer,4HLDaBGdnLc,https://www.youtube.com/watch?v=4HLDaBGdnLc,2023-04-28,2022-05-27 21:02:00,-336.0,7500807,246510,13642,915000,1,1,0,0,0,1,1,2,40,100,24,14,13.0,9.0,7.0,7.0,Basic Trailer
Electronic Arts,Star Wars Jedi: Survivor,Story Trailer,_F6YBwIPzmk,https://www.youtube.com/watch?v=_F6YBwIPzmk,2023-04-28,2023-03-20 15:58:08,-39.0,5194266,101376,4674,915000,2,38,50,46,50,57,56,67,86,100,62,59,53.0,51.0,63.0,59.0,Story/Cinematic
Electronic Arts,Star Wars Jedi: Survivor,Gameplay Video,i05L-FaDhko,https://www.youtube.com/watch?v=i05L-FaDhko,2023-04-28,2023-02-07 17:00:46,-80.0,3533130,65552,4709,19200000,9,47,100,54,40,50,53,41,65,94,50,52,55.0,57.0,40.0,41.0,Gameplay Content
Electronic Arts,Star Wars Jedi: Survivor,Gameplay Trailer,VRaobDJjiec,https://www.youtube.com/watch?v=VRaobDJjiec,2023-04-28,2022-12-09 01:52:37,-140.0,8139523,208522,12692,915000,2,3,6,3,26,49,21,14,100,66,39,31,22.0,15.0,14.0,10.0,Gameplay Content
Electronic Arts,Star Wars Jedi: Survivor,Gameplay Trailer,bmj3ty-Wt48,https://www.youtube.com/watch?v=bmj3ty-Wt48,2023-04-28,2023-04-09 11:21:55,-19.0,3199535,86574,4599,915000,2,35,66,100,54,64,67,53,79,75,61,56,51.0,58.0,58.0,64.0,Gameplay Content
Electronic Arts,Tales of Kenzera: Zau,Trailer,FQEE2OQH1Jo,https://www.youtube.com/watch?v=FQEE2OQH1Jo,2024-04-23,2023-12-08 02:37:56,-137.0,42310,1093,136,5630000,2,0,0,0,0,0,0,0,100,16,14,0,0.0,0.0,0.0,0.0,Basic Trailer
Electronic Arts,Tales of Kenzera: Zau,Launch Trailer,p3H_yKpYuQY,https://www.youtube.com/watch?v=p3H_yKpYuQY,2024-04-23,2024-04-12 08:18:34,-11.0,4694,13,3,830000,1,0,0,0,0,0,92,100,79,0,0,0,68.0,0.0,0.0,0.0,Other
Electronic Arts,Split Fiction,Trailer,vRDXNJJ5Y3c,https://www.youtube.com/watch?v=vRDXNJJ5Y3c,2025-03-06,2025-02-12 22:17:46,-22.0,582248,7545,774,16400000,2,9,10,11,14,14,11,12,14,30,100,81,59.0,29.0,26.0,20.0,Basic Trailer
Electronic Arts,Split Fiction,Announcement Trailer,fcwngWPXQtg,https://www.youtube.com/watch?v=fcwngWPXQtg,2025-03-06,2024-12-13 01:40:43,-83.0,3109221,45495,2130,830000,3,1,3,2,1,1,0,2,100,44,31,17,17.0,13.0,13.0,12.0,Basic Trailer
Electronic Arts,Split Fiction,Gameplay Trailer,0TlySOphMuo,https://www.youtube.com/watch?v=0TlySOphMuo,2025-03-06,2025-01-27 17:00:11,-38.0,322229,6982,539,830000,2,37,29,34,36,43,47,55,55,100,70,70,61.0,74.0,68.0,62.0,Gameplay Content
Electronic Arts,F1 25,Announcement Trailer,u5rWBgBjDsc,https://www.youtube.com/watch?v=u5rWBgBjDsc,2025-05-30,2025-03-26 15:58:07,-65.0,1068569,39199,3166,273000,2,20,20,25,34,43,46,48,100,59,32,34,28.0,20.0,17.0,14.0,Basic Trailer
Electronic Arts,F1 25,Trailer,D52QfcK9qJc,https://www.youtube.com/watch?v=D52QfcK9qJc,2025-05-30,2025-04-24 11:59:11,-36.0,208834,6739,434,273000,1,62,69,75,100,66,53,50,44,50,53,52,44.0,45.0,49.0,55.0,Basic Trailer
Electronic Arts,F1 25,Gameplay Trailer,smwFJlL9wCU,https://www.youtube.com/watch?v=smwFJlL9wCU,2025-05-30,2025-04-30 14:58:11,-30.0,553070,15758,1740,273000,15,53,47,53,56,55,47,48,52,58,66,81,100.0,68.0,55.0,55.0,Gameplay Content
Electronic Arts,The Sims 2: Legacy Collection,Accolades Trailer,QQUMkHngWjA,https://www.youtube.com/watch?v=QQUMkHngWjA,2025-01-31,2025-01-31 16:01:54,0.0,508608,24436,2895,1930000,2,0,0,0,0,0,0,0,59,100,74,46,42.0,29.0,24.0,20.0,Basic Trailer
Electronic Arts,F1 25: Iconic Edition,Trailer,u5rWBgBjDsc,https://www.youtube.com/watch?v=u5rWBgBjDsc,2025-05-27,2025-03-26 15:58:07,-62.0,1068569,39199,3166,273000,2,0,0,0,0,0,0,0,100,84,0,0,0.0,0.0,0.0,0.0,Basic Trailer
Konami,Ninja Five-O,Announcement Trailer,4IUOjmipmA4,https://www.youtube.com/watch?v=4IUOjmipmA4,2025-02-25,2024-02-21 18:09:56,-370.0,40307,530,75,28900,1,0,0,0,0,0,0,100,0,83,0,0,0.0,0.0,0.0,0.0,Basic Trailer
Konami,Ninja Five-O,Trailer,n2dOAhJxZ9U,https://www.youtube.com/watch?v=n2dOAhJxZ9U,2025-02-25,2024-02-21 18:35:46,-370.0,27685,374,37,192000,1,0,0,0,0,0,0,100,0,83,0,0,0.0,0.0,0.0,0.0,Basic Trailer
Konami,Edens Zero,Trailer,nyfaZfGd0aI,https://www.youtube.com/watch?v=nyfaZfGd0aI,2025-07-15,2024-10-17 17:15:41,-271.0,50036,1638,87,5640000,1,53,46,46,69,51,42,48,100,100,72,65,74.0,76.0,48.0,56.0,Basic Trailer
Konami,Edens Zero,Release Date Trailer,Fq0ZuY-JPDA,https://www.youtube.com/watch?v=Fq0ZuY-JPDA,2025-07-15,2025-03-26 15:37:14,-111.0,21180,665,126,192000,3,66,64,56,67,67,51,62,100,94,78,93,85.0,67.0,81.0,68.0,Other
Konami,Edens Zero,Trailer,ZmQCwnmSV0s,https://www.youtube.com/watch?v=ZmQCwnmSV0s,2025-07-15,2025-06-12 14:46:07,-33.0,61,1,0,183000,2,40,44,25,55,51,60,51,77,81,97,100,81.0,65.0,83.0,63.0,Basic Trailer
Konami,Teenage Mutant Ninja Turtles: The Cowabunga Collection,Trailer,nlaZF5bxc50,https://www.youtube.com/watch?v=nlaZF5bxc50,2022-08-30,2022-03-09 22:11:28,-174.0,1271513,22357,2130,16400000,1,0,0,0,0,0,0,0,0,100,43,0,0.0,0.0,0.0,0.0,Basic Trailer
Konami,Super Bomberman R 2,Announcement Trailer,sAugdDnuy2M,https://www.youtube.com/watch?v=sAugdDnuy2M,2023-09-13,2022-06-28 13:02:58,-442.0,97204,2145,438,470000,2,0,0,0,0,0,0,0,95,100,0,0,0.0,0.0,0.0,0.0,Basic Trailer
Konami,Super Bomberman R 2,Trailer,EOfVihjWDDM,https://www.youtube.com/watch?v=EOfVihjWDDM,2023-09-13,2023-09-13 17:30:02,0.0,110136,2523,218,10000000,2,0,0,24,0,24,20,39,74,100,79,61,59.0,47.0,46.0,36.0,Basic Trailer
Konami,Cygni: All Guns Blazing,Release Date Trailer,yEmbMf0RU5c,https://www.youtube.com/watch?v=yEmbMf0RU5c,2024-08-06,2024-06-08 22:02:10,-59.0,271005,481,91,192000,1,0,0,0,0,0,0,0,0,100,0,0,0.0,0.0,0.0,0.0,Other
Konami,Super Crazy Rhythm Castle,Trailer,QgjqEmqLxfc,https://www.youtube.com/watch?v=QgjqEmqLxfc,2023-11-14,2023-09-14 14:07:39,-61.0,70192,834,104,10000000,1,0,0,0,0,0,0,0,100,35,0,0,0.0,0.0,0.0,0.0,Basic Trailer
Konami,Contra: Operation Galuga,Announcement Trailer,kV-8Of14gD0,https://www.youtube.com/watch?v=kV-8Of14gD0,2024-03-12,2023-09-14 14:21:43,-180.0,738021,17969,1959,10000000,2,0,0,0,0,0,0,0,100,93,75,37,0.0,36.0,0.0,0.0,Basic Trailer
Konami,Contra: Operation Galuga,Gameplay Trailer,CV5WaaJSpBk,https://www.youtube.com/watch?v=CV5WaaJSpBk,2024-03-12,2024-02-21 18:38:02,-20.0,76079,1686,130,19200000,1,0,0,0,0,0,0,0,69,100,78,73,57.0,53.0,36.0,50.0,Gameplay Content
Konami,Silent Hill: The Short Message,Trailer,RmEamyHS3c4,https://www.youtube.com/watch?v=RmEamyHS3c4,2024-01-31,2024-01-31 22:18:41,0.0,556850,14878,1195,16400000,2,0,0,0,0,0,0,0,16,100,48,39,35.0,19.0,14.0,11.0,Basic Trailer
Konami,Deliver At All Costs,Launch Trailer,Hb2Avd8qCYs,https://www.youtube.com/watch?v=Hb2Avd8qCYs,2025-05-22,2025-05-22 08:00:16,0.0,17279,280,30,192000,2,6,5,6,4,6,21,20,100,97,57,45,33.0,23.0,18.0,17.0,Other
Konami,Deliver At All Costs,Announcement Trailer,W5R_wrQG_Rk,https://www.youtube.com/watch?v=W5R_wrQG_Rk,2025-05-22,2024-09-04 09:35:14,-260.0,21015,97,12,402,2,0,0,0,0,0,0,0,100,65,70,37,44.0,0.0,0.0,0.0,Basic Trailer
Konami,Deliver At All Costs,Release Date Trailer,bTZKWYyzw9A,https://www.youtube.com/watch?v=bTZKWYyzw9A,2025-05-22,2025-03-20 08:00:36,-63.0,60697,2586,205,5640000,2,0,0,0,0,0,0,0,100,91,67,46,27.0,43.0,45.0,46.0,Other
Konami,Deliver At All Costs,Gameplay Trailer,gpu7smkLI_k,https://www.youtube.com/watch?v=gpu7smkLI_k,2025-05-22,2025-04-17 19:04:00,-35.0,562,20,0,1140,1,0,0,0,0,0,0,0,70,100,43,48,57.0,0.0,46.0,0.0,Gameplay Content
Konami,Castlevania Dominus Collection,Launch Trailer,iL-41nNH1fk,https://www.youtube.com/watch?v=iL-41nNH1fk,2024-08-27,2024-08-27 14:34:22,0.0,481933,18185,2348,10000000,3,0,0,0,0,0,0,0,100,80,37,31,28.0,22.0,18.0,12.0,Other
Konami,Ninja Five-O,Announcement Trailer,4IUOjmipmA4,https://www.youtube.com/watch?v=4IUOjmipmA4,2025-02-25,2024-02-21 18:09:56,-370.0,40307,530,75,28900,1,0,0,0,0,0,0,100,0,83,0,0,0.0,0.0,0.0,0.0,Basic Trailer
Konami,Ninja Five-O,Trailer,n2dOAhJxZ9U,https://www.youtube.com/watch?v=n2dOAhJxZ9U,2025-02-25,2024-02-21 18:35:46,-370.0,27685,374,37,192000,1,0,0,0,0,0,0,100,0,83,0,0,0.0,0.0,0.0,0.0,Basic Trailer
Ubisoft Entertainment,Skull and Bones: Premium Edition,Launch Trailer,OmDYo7MbQxo,https://www.youtube.com/watch?v=OmDYo7MbQxo,2024-02-16,2024-02-06 17:00:17,-10.0,508006,5173,1729,3910000,3,0,0,0,0,0,0,0,0,0,0,22,20.0,55.0,93.0,100.0,Other
Ubisoft Entertainment,Rainbow Six Mobile,Trailer,0yu7txs_0is,https://www.youtube.com/watch?v=0yu7txs_0is,2025-07-15,2022-04-05 12:56:50,-1197.0,92754,4297,610,38400,2,2,2,2,0,0,0,2,61,100,57,35,28.0,23.0,20.0,16.0,Basic Trailer
Ubisoft Entertainment,Rainbow Six Mobile,Trailer,0q7ZDuLrT0Y,https://www.youtube.com/watch?v=0q7ZDuLrT0Y,2025-07-15,2022-09-10 19:45:00,-1039.0,25176,906,141,53400,1,27,24,21,22,20,21,26,46,52,100,77,51.0,48.0,43.0,49.0,Basic Trailer
Ubisoft Entertainment,Rainbow Six Mobile,Launch Trailer,QSXDVSY75b0,https://www.youtube.com/watch?v=QSXDVSY75b0,2025-07-15,2025-06-10 16:03:38,-35.0,513067,435,83,1570000,2,45,61,0,45,0,70,0,52,87,46,89,74.0,71.0,100.0,67.0,Other
Ubisoft Entertainment,Anno 1800: New World Rising,Trailer,oJ4SmvYzuVs,https://www.youtube.com/watch?v=oJ4SmvYzuVs,2022-12-08,2022-12-08 14:00:32,0.0,66454,818,66,3910000,1,0,0,0,0,0,0,42,100,52,0,0,0.0,41.0,0.0,0.0,Basic Trailer
Ubisoft Entertainment,Anno 1800: Console Edition,Reveal Trailer,WBU_iCDxjIc,https://www.youtube.com/watch?v=WBU_iCDxjIc,2023-03-16,2023-01-17 17:00:31,-58.0,144380,1465,152,3910000,2,0,0,0,0,0,0,0,0,0,0,0,0.0,0.0,0.0,100.0,Basic Trailer
Ubisoft Entertainment,Anno 1800: Console Edition,Game Presentation Trailer,uZiY1XlA0L0,https://www.youtube.com/watch?v=uZiY1XlA0L0,2023-03-16,2023-01-17 17:00:40,-58.0,37707,646,87,3910000,2,0,0,0,0,0,0,0,0,0,0,0,0.0,0.0,0.0,100.0,Developer Content
Ubisoft Entertainment,Mario + Rabbids Sparks of Hope: The Last Spark Hunter,Trailer,pt6x7TwvqOk,https://www.youtube.com/watch?v=pt6x7TwvqOk,2023-06-21,2023-06-21 14:25:19,0.0,519699,7747,429,10000000,2,76,72,84,85,85,73,70,100,92,90,96,92.0,78.0,80.0,80.0,Basic Trailer
Ubisoft Entertainment,Mario + Rabbids Sparks of Hope: Rayman in the Phantom Show,Teaser,xzimiyxD88w,https://www.youtube.com/watch?v=xzimiyxD88w,2023-08-30,2022-09-10 20:45:01,-354.0,1122861,32576,3568,10000000,0,96,100,88,78,86,75,81,91,95,80,84,87.0,82.0,91.0,100.0,Other
Ubisoft Entertainment,Mario + Rabbids Sparks of Hope: Rayman in the Phantom Show,Trailer,984p6DKp0to,https://www.youtube.com/watch?v=984p6DKp0to,2023-08-30,2023-07-25 14:26:22,-36.0,2502,20,2,3910000,2,87,86,85,95,94,100,85,85,84,84,84,97.0,95.0,84.0,91.0,Basic Trailer
Ubisoft Entertainment,The Settlers: New Allies,Launch Trailer,1o__VfCAjns,https://www.youtube.com/watch?v=1o__VfCAjns,2023-02-17,2023-02-16 17:00:01,-1.0,244824,1832,351,3910000,2,5,7,13,9,6,7,7,18,95,100,65,59.0,38.0,29.0,29.0,Other
Ubisoft Entertainment,The Settlers: New Allies,Dev Diary,xIxG21h9nuY,https://www.youtube.com/watch?v=xIxG21h9nuY,2023-02-17,2022-11-28 16:00:29,-81.0,190656,1440,551,3910000,6,0,0,0,0,0,0,0,0,100,95,0,0.0,0.0,0.0,0.0,Developer Content
Ubisoft Entertainment,Star Wars Outlaws,Announcement Trailer,ymcpwq1ltQc,https://www.youtube.com/watch?v=ymcpwq1ltQc,2024-08-30,2023-06-11 17:09:02,-446.0,3338510,53899,8389,3910000,3,0,0,0,0,0,0,0,73,100,84,44,33.0,22.0,19.0,16.0,Basic Trailer
Ubisoft Entertainment,Star Wars Outlaws,Gameplay Video,c7K2TA0bBpY,https://www.youtube.com/watch?v=c7K2TA0bBpY,2024-08-30,2023-06-12 18:08:56,-445.0,4611948,117809,16781,3910000,11,0,0,0,0,0,0,73,100,84,44,33,22.0,19.0,16.0,13.0,Gameplay Content
Ubisoft Entertainment,Star Wars Outlaws,Dev Diary,kP-qOFPg314,https://www.youtube.com/watch?v=kP-qOFPg314,2024-08-30,2023-07-23 01:15:01,-404.0,328784,9567,1037,3910000,6,50,58,47,39,33,32,36,100,80,79,63,46.0,32.0,41.0,35.0,Developer Content
Ubisoft Entertainment,Star Wars Outlaws,Trailer,tcdKEy-aJ6o,https://www.youtube.com/watch?v=tcdKEy-aJ6o,2024-08-30,2024-04-09 16:00:07,-143.0,2800805,41313,15714,3910000,3,4,5,7,11,11,10,8,70,100,61,48,35.0,31.0,31.0,26.0,Basic Trailer
Ubisoft Entertainment,Star Wars Outlaws,Teaser,I6tA_o8uzUI,https://www.youtube.com/watch?v=I6tA_o8uzUI,2024-08-30,2024-06-07 21:15:00,-84.0,190155,4856,607,3910000,1,12,12,13,15,15,17,16,25,36,33,68,100.0,59.0,37.0,30.0,Other
Ubisoft Entertainment,Star Wars Outlaws,Trailer,Kwo41nUwyeo,https://www.youtube.com/watch?v=Kwo41nUwyeo,2024-08-30,2024-06-10 19:03:06,-81.0,4306166,17430,2094,3910000,4,15,15,17,16,25,36,33,68,100,59,37,30.0,30.0,33.0,24.0,Basic Trailer
Ubisoft Entertainment,Star Wars Outlaws,Launch Trailer,HlfuN4yj3yg,https://www.youtube.com/watch?v=HlfuN4yj3yg,2024-08-30,2024-08-22 13:03:57,-8.0,526035,6176,1764,3910000,2,10,11,14,14,15,21,19,20,21,25,31,99.0,100.0,78.0,74.0,Other
Ubisoft Entertainment,Tom Clancy's Rainbow Six Siege: Demon Veil,Game Intro,Xvtjkcayc9I,https://www.youtube.com/watch?v=Xvtjkcayc9I,2022-03-15,2022-03-08 17:00:33,-7.0,70602,3353,233,3910000,2,0,0,0,0,0,0,0,0,0,0,0,100.0,0.0,0.0,0.0,Gameplay Content
Ubisoft Entertainment,Assassin's Creed Mirage: Deluxe Edition,Dev Diary,dKox5i_T6XA,https://www.youtube.com/watch?v=dKox5i_T6XA,2023-10-05,2022-09-10 20:05:47,-390.0,411241,8263,883,3910000,15,0,0,0,0,0,0,0,0,0,0,0,0.0,0.0,0.0,100.0,Developer Content
Ubisoft Entertainment,Assassin's Creed Mirage: Deluxe Edition,Cinematic Trailer,x55lAlFtXmw,https://www.youtube.com/watch?v=x55lAlFtXmw,2023-10-05,2022-09-10 19:57:02,-390.0,9425576,233847,20758,3910000,4,0,0,0,0,0,0,0,0,0,0,0,0.0,0.0,0.0,100.0,Story/Cinematic
Ubisoft Entertainment,Assassin's Creed Mirage,Launch Trailer,IRNOoOYVn80,https://www.youtube.com/watch?v=IRNOoOYVn80,2023-10-05,2023-09-27 16:00:21,-8.0,2330855,45827,3824,3910000,2,11,9,10,11,11,10,10,14,16,18,21,25.0,29.0,40.0,100.0,Other
Ubisoft Entertainment,Assassin's Creed Mirage,Cinematic Trailer,x55lAlFtXmw,https://www.youtube.com/watch?v=x55lAlFtXmw,2023-10-05,2022-09-10 19:57:02,-390.0,9425576,233847,20758,3910000,4,15,11,9,8,8,6,7,59,100,53,37,28.0,23.0,23.0,23.0,Story/Cinematic
Ubisoft Entertainment,Assassin's Creed Mirage,Dev Diary,dKox5i_T6XA,https://www.youtube.com/watch?v=dKox5i_T6XA,2023-10-05,2022-09-10 20:05:47,-390.0,411241,8263,883,3910000,15,15,11,9,8,8,6,7,59,100,53,37,28.0,23.0,23.0,23.0,Developer Content
Ubisoft Entertainment,Assassin's Creed Mirage,Trailer,G97lx7orMN8,https://www.youtube.com/watch?v=G97lx7orMN8,2023-10-05,2023-05-24 21:09:40,-134.0,2776017,73842,7815,3910000,2,14,14,14,16,18,18,14,44,100,70,49,45.0,34.0,27.0,24.0,Basic Trailer
Ubisoft Entertainment,Assassin's Creed Mirage,Trailer,9hjico7nYvo,https://www.youtube.com/watch?v=9hjico7nYvo,2023-10-05,2023-06-12 17:51:17,-115.0,1183387,30733,2355,3910000,3,42,40,37,41,49,58,53,90,100,58,51,45.0,50.0,46.0,37.0,Basic Trailer
Ubisoft Entertainment,Assassin's Creed Mirage,Gameplay Trailer,mxpYHW-M_Ac,https://www.youtube.com/watch?v=mxpYHW-M_Ac,2023-10-05,2023-06-12 17:51:29,-115.0,4003919,117461,17453,3910000,8,42,40,37,41,49,58,53,90,100,58,51,45.0,50.0,46.0,37.0,Gameplay Content
Ubisoft Entertainment,Assassin's Creed Mirage,Gameplay Trailer,LpeZelBRXW0,https://www.youtube.com/watch?v=LpeZelBRXW0,2023-10-05,2023-06-12 19:50:51,-115.0,135016,2679,634,5630000,8,42,40,37,41,49,58,53,90,100,58,51,45.0,50.0,46.0,37.0,Gameplay Content
Ubisoft Entertainment,Assassin's Creed Mirage,Trailer,yPs-p91hjBI,https://www.youtube.com/watch?v=yPs-p91hjBI,2023-10-05,2023-08-22 18:36:00,-44.0,1113667,29444,2599,3910000,2,100,71,66,67,66,79,73,84,81,76,82,77.0,77.0,65.0,68.0,Basic Trailer
Ubisoft Entertainment,BattleCore Arena,Trailer,ZKP0phYObqk,https://www.youtube.com/watch?v=ZKP0phYObqk,2025-02-04,2024-06-10 18:49:43,-239.0,15634,245,39,3910000,2,0,0,0,73,100,72,43,43,59,0,38,0.0,0.0,0.0,0.0,Basic Trailer
Ubisoft Entertainment,Avatar: Frontiers of Pandora,Trailer,RDzw1EKnaIA,https://www.youtube.com/watch?v=RDzw1EKnaIA,2023-12-07,2023-06-12 17:03:23,-178.0,1984064,27513,2877,3910000,3,2,3,3,3,4,4,6,66,100,55,37,32.0,33.0,31.0,21.0,Basic Trailer
Ubisoft Entertainment,Avatar: Frontiers of Pandora,Gameplay Trailer,g7D2zu7PKyM,https://www.youtube.com/watch?v=g7D2zu7PKyM,2023-12-07,2023-06-12 19:29:45,-178.0,139259,3160,429,19200000,6,2,3,3,3,4,4,6,66,100,55,37,32.0,33.0,31.0,21.0,Gameplay Content
Ubisoft Entertainment,Avatar: Frontiers of Pandora,PC Features Trailer,LMKjgVkGwzU,https://www.youtube.com/watch?v=LMKjgVkGwzU,2023-12-07,2023-08-25 13:30:12,-104.0,333807,9194,1360,3910000,2,22,34,37,38,37,36,34,100,85,73,63,62.0,56.0,47.0,68.0,Other
Ubisoft Entertainment,Avatar: Frontiers of Pandora,Trailer,H1D8UnqJp8k,https://www.youtube.com/watch?v=H1D8UnqJp8k,2023-12-07,2023-09-14 21:15:13,-84.0,449031,10153,797,16400000,2,16,22,31,26,19,27,25,44,100,80,75,53.0,39.0,31.0,29.0,Basic Trailer
Ubisoft Entertainment,The Crew: Motorfest,Teaser,xF45nzjSq2E,https://www.youtube.com/watch?v=xF45nzjSq2E,2023-09-14,2023-01-31 17:00:43,-226.0,600161,15742,2434,3910000,1,0,0,0,0,0,0,0,86,100,65,42,39.0,31.0,19.0,14.0,Other
Ubisoft Entertainment,The Crew: Motorfest,Cinematic Trailer,xGAukGxUDI8,https://www.youtube.com/watch?v=xGAukGxUDI8,2023-09-14,2023-06-12 17:39:17,-94.0,227739,4994,353,3910000,2,9,9,6,6,6,7,8,60,100,60,44,33.0,30.0,28.0,25.0,Story/Cinematic
Ubisoft Entertainment,The Crew: Motorfest,Gameplay Trailer,QuvaE7VhhjY,https://www.youtube.com/watch?v=QuvaE7VhhjY,2023-09-14,2023-06-12 17:39:40,-94.0,853408,13275,1600,3910000,2,9,9,6,6,6,7,8,60,100,60,44,33.0,30.0,28.0,25.0,Gameplay Content
Ubisoft Entertainment,The Crew: Motorfest,Gameplay Trailer,kpVfIqxsE24,https://www.youtube.com/watch?v=kpVfIqxsE24,2023-09-14,2023-08-22 19:29:50,-23.0,1303965,11567,1246,3910000,1,50,51,52,56,48,64,50,61,83,85,72,81.0,100.0,88.0,84.0,Gameplay Content
Ubisoft Entertainment,The Rogue Prince of Persia,Announcement Trailer,XZzOxEK7hXo,https://www.youtube.com/watch?v=XZzOxEK7hXo,2025-08-01,2024-04-10 17:45:00,-478.0,388632,11465,1831,3910000,2,0,0,0,0,0,0,0,86,100,59,34,35.0,17.0,25.0,15.0,Basic Trailer
Ubisoft Entertainment,The Rogue Prince of Persia,Trailer,IZcC8TPRCpU,https://www.youtube.com/watch?v=IZcC8TPRCpU,2025-08-01,2024-06-10 19:28:17,-417.0,14657,339,38,3910000,1,59,51,67,63,43,45,47,84,100,57,35,30.0,0.0,0.0,0.0,Basic Trailer
Ubisoft Entertainment,The Rogue Prince of Persia,Gameplay Trailer,00Xb4zCkAEM,https://www.youtube.com/watch?v=00Xb4zCkAEM,2025-08-01,2024-05-13 14:01:07,-445.0,11671,363,66,1930,2,0,0,0,0,100,82,0,75,72,89,0,0.0,0.0,0.0,0.0,Gameplay Content
Ubisoft Entertainment,The Rogue Prince of Persia,Gameplay Trailer,kUlGdstLhEQ,https://www.youtube.com/watch?v=kUlGdstLhEQ,2025-08-01,2024-11-21 18:00:36,-253.0,34653,921,164,3910000,1,0,69,0,43,0,33,0,64,100,46,49,0.0,0.0,47.0,0.0,Gameplay Content
Ubisoft Entertainment,The Rogue Prince of Persia,Teaser,EAeRM7fJ2S0,https://www.youtube.com/watch?v=EAeRM7fJ2S0,2025-08-01,2024-11-14 15:58:26,-260.0,527917,1758,303,1930,1,0,0,0,0,0,0,0,0,100,0,62,0.0,48.0,0.0,92.0,Other
Ubisoft Entertainment,The Rogue Prince of Persia,Release Date Trailer,9c1QFum8GXY,https://www.youtube.com/watch?v=9c1QFum8GXY,2025-08-01,2025-06-08 19:22:01,-54.0,64069,2086,279,3910000,2,0,0,0,0,0,0,0,100,0,0,0,0.0,0.0,0.0,0.0,Other
Ubisoft Entertainment,Skull and Bones,Cinematic Trailer,8i2eHxj5NMU,https://www.youtube.com/watch?v=8i2eHxj5NMU,2024-02-16,2022-07-07 18:00:03,-589.0,2123779,4378,603,3910000,3,8,6,6,6,4,12,16,66,100,89,67,57.0,41.0,35.0,26.0,Story/Cinematic
Ubisoft Entertainment,Skull and Bones,Gameplay Trailer,fgy4WZ9ta7E,https://www.youtube.com/watch?v=fgy4WZ9ta7E,2024-02-16,2022-07-07 18:15:02,-589.0,2552542,29590,7698,3910000,8,8,6,6,6,4,12,16,66,100,89,67,57.0,41.0,35.0,26.0,Gameplay Content
Ubisoft Entertainment,Skull and Bones,Gameplay Video,Qz71FEVDUFU,https://www.youtube.com/watch?v=Qz71FEVDUFU,2024-02-16,2022-07-07 18:30:16,-589.0,83922,1589,651,3910000,8,8,6,6,6,4,12,16,66,100,89,67,57.0,41.0,35.0,26.0,Gameplay Content
Ubisoft Entertainment,Skull and Bones,Trailer,M3sXctSIM_A,https://www.youtube.com/watch?v=M3sXctSIM_A,2024-02-16,2022-09-10 19:13:00,-524.0,45214,643,49,3910000,1,34,39,41,39,40,38,41,83,100,95,92,78.0,64.0,81.0,74.0,Basic Trailer
Ubisoft Entertainment,Skull and Bones,Trailer,OYO9d3bjaLc,https://www.youtube.com/watch?v=OYO9d3bjaLc,2024-02-16,2022-09-10 19:14:14,-524.0,179054,1290,265,3910000,1,34,39,41,39,40,38,41,83,100,95,92,78.0,64.0,81.0,74.0,Basic Trailer
Ubisoft Entertainment,Skull and Bones,Gameplay Trailer,teZaV3bOMxY,https://www.youtube.com/watch?v=teZaV3bOMxY,2024-02-16,2023-12-08 03:45:02,-70.0,911044,9832,1939,3910000,11,9,7,7,6,8,8,8,43,29,27,28,27.0,22.0,38.0,100.0,Gameplay Content
Ubisoft Entertainment,Skull and Bones,Trailer,cRaHe9PyFgE,https://www.youtube.com/watch?v=cRaHe9PyFgE,2024-02-16,2023-06-12 17:40:59,-249.0,158720,2762,368,19200000,3,28,27,23,25,21,24,27,100,65,44,40,34.0,41.0,33.0,29.0,Basic Trailer
Ubisoft Entertainment,Beyond Good & Evil: 20th Anniversary Edition,Launch Trailer,CaU4tMuvvdc,https://www.youtube.com/watch?v=CaU4tMuvvdc,2024-06-25,2024-06-20 19:00:12,-5.0,178988,5391,884,3910000,2,0,0,0,0,0,0,0,45,46,0,0,35.0,100.0,58.0,44.0,Other
Ubisoft Entertainment,Prince of Persia: The Lost Crown,Gameplay Trailer,MmX7a_e65uU,https://www.youtube.com/watch?v=MmX7a_e65uU,2024-01-18,2023-06-08 19:09:42,-224.0,1667859,17618,9865,3910000,2,0,0,0,0,0,0,0,41,100,49,24,51.0,56.0,26.0,16.0,Gameplay Content
Ubisoft Entertainment,Prince of Persia: The Lost Crown,Cinematic Trailer,wxP9Mx3AdEk,https://www.youtube.com/watch?v=wxP9Mx3AdEk,2024-01-18,2023-06-12 17:20:12,-220.0,154222,2298,1216,3910000,2,0,0,0,41,100,49,24,51,56,26,16,16.0,13.0,11.0,10.0,Story/Cinematic
Ubisoft Entertainment,Prince of Persia: The Lost Crown,Gameplay Trailer,T3qsC8T42Ag,https://www.youtube.com/watch?v=T3qsC8T42Ag,2024-01-18,2023-06-12 17:19:56,-220.0,245553,5056,1050,3910000,4,0,0,0,41,100,49,24,51,56,26,16,16.0,13.0,11.0,10.0,Gameplay Content
Ubisoft Entertainment,Prince of Persia: The Lost Crown,Dev Diary,jTGTfSOKKSc,https://www.youtube.com/watch?v=jTGTfSOKKSc,2024-01-18,2023-06-12 18:40:06,-220.0,75130,2024,509,3910000,6,0,0,0,41,100,49,24,51,56,26,16,16.0,13.0,11.0,10.0,Developer Content
Ubisoft Entertainment,Prince of Persia: The Lost Crown,Cinematic Trailer,wGXEkNHil_8,https://www.youtube.com/watch?v=wGXEkNHil_8,2024-01-18,2023-12-08 01:39:20,-41.0,50715,1445,285,10000000,2,8,12,0,0,14,12,15,49,17,15,14,15.0,43.0,100.0,53.0,Story/Cinematic
Ubisoft Entertainment,Prince of Persia: The Lost Crown,Trailer,Ydt6Q6ajwj4,https://www.youtube.com/watch?v=Ydt6Q6ajwj4,2024-01-18,2023-09-14 14:06:18,-126.0,117400,2209,293,10000000,1,0,0,24,38,0,0,0,100,76,53,30,22.0,22.0,35.0,0.0,Basic Trailer
Ubisoft Entertainment,Prince of Persia: The Lost Crown,Story Trailer,XkJnsZ9NgB8,https://www.youtube.com/watch?v=XkJnsZ9NgB8,2024-01-18,2023-12-08 01:21:35,-41.0,131164,2071,499,3910000,2,8,12,0,0,14,12,15,49,17,15,14,15.0,43.0,100.0,53.0,Story/Cinematic
Ubisoft Entertainment,Assassin's Creed Shadows,Announcement Trailer,vovkzbtYBC8,https://www.youtube.com/watch?v=vovkzbtYBC8,2025-03-20,2024-05-15 16:00:08,-309.0,11171333,308641,92603,3910000,4,0,0,0,0,0,7,12,63,100,57,44,30.0,24.0,20.0,14.0,Basic Trailer
Ubisoft Entertainment,Assassin's Creed Shadows,Dev Diary,Nszrx939ZVA,https://www.youtube.com/watch?v=Nszrx939ZVA,2025-03-20,2024-05-15 16:01:34,-309.0,1262907,30928,11267,3910000,4,0,0,0,0,0,7,12,63,100,57,44,30.0,24.0,20.0,14.0,Developer Content
Ubisoft Entertainment,Assassin's Creed Shadows,Gameplay Trailer,jx8WN9fY22M,https://www.youtube.com/watch?v=jx8WN9fY22M,2025-03-20,2024-06-09 18:13:30,-284.0,300672,8807,809,5640000,2,25,21,18,17,16,19,23,42,66,100,65,52.0,49.0,43.0,42.0,Gameplay Content
Ubisoft Entertainment,Assassin's Creed Shadows,Gameplay Trailer,FjAzNpMYTxw,https://www.youtube.com/watch?v=FjAzNpMYTxw,2025-03-20,2024-06-10 19:47:35,-283.0,2847141,60802,21844,3910000,13,21,18,17,16,19,23,42,66,100,65,52,49.0,43.0,42.0,38.0,Gameplay Content
Ubisoft Entertainment,Assassin's Creed Shadows,Cinematic Trailer,SHaN4MIGqpo,https://www.youtube.com/watch?v=SHaN4MIGqpo,2025-03-20,2025-01-23 17:00:07,-56.0,1004508,32291,12487,3910000,3,21,24,29,27,27,23,20,67,100,91,75,53.0,49.0,39.0,32.0,Story/Cinematic
Ubisoft Entertainment,Assassin's Creed Shadows,Dev Diary,X_g7I2sNGio,https://www.youtube.com/watch?v=X_g7I2sNGio,2025-03-20,2025-03-20 14:15:02,0.0,16596,766,76,265000,15,9,10,10,12,15,44,64,100,78,75,70,47.0,40.0,35.0,31.0,Developer Content
Ubisoft Entertainment,Just Dance 2025 Edition,Announcement Trailer,YjxAA1Jpwc0,https://www.youtube.com/watch?v=YjxAA1Jpwc0,2024-10-15,2024-06-18 14:43:31,-119.0,133813,2603,344,10000000,1,0,0,0,0,0,0,0,100,0,0,0,0.0,0.0,0.0,0.0,Basic Trailer
Ubisoft Entertainment,Star Wars Outlaws: Wild Card,Launch Trailer,oc7FhNxCk8c,https://www.youtube.com/watch?v=oc7FhNxCk8c,2024-11-21,2024-11-19 18:24:02,-2.0,2463,31,8,3910000,2,0,0,0,0,0,0,0,0,0,100,69,71.0,47.0,0.0,0.0,Other
Ubisoft Entertainment,Star Wars Outlaws: A Pirate's Fortune,Trailer,c27kWaF7umo,https://www.youtube.com/watch?v=c27kWaF7umo,2025-05-15,2025-04-18 04:00:45,-27.0,57203,2146,310,3910000,1,0,0,0,0,0,0,0,100,0,0,0,0.0,0.0,0.0,0.0,Basic Trailer
Ubisoft Entertainment,XDefiant,Trailer,axDcjinoqo4,https://www.youtube.com/watch?v=axDcjinoqo4,2024-05-21,2023-04-13 17:08:41,-404.0,425700,5756,723,3910000,2,1,1,1,1,1,2,4,30,74,86,100,75.0,76.0,60.0,53.0,Basic Trailer
Ubisoft Entertainment,XDefiant,Trailer,VUv3ug_uHkE,https://www.youtube.com/watch?v=VUv3ug_uHkE,2024-05-21,2023-04-13 17:19:56,-404.0,179890,2622,340,3910000,2,1,1,1,1,1,2,4,30,74,86,100,75.0,76.0,60.0,53.0,Basic Trailer
Ubisoft Entertainment,XDefiant,Trailer,DTZJ7KTbYSw,https://www.youtube.com/watch?v=DTZJ7KTbYSw,2024-05-21,2023-04-13 17:17:09,-404.0,51937,1679,269,3910000,1,1,1,1,1,1,2,4,30,74,86,100,75.0,76.0,60.0,53.0,Basic Trailer
Ubisoft Entertainment,XDefiant,Launch Trailer,NoNpmAzGyB8,https://www.youtube.com/watch?v=NoNpmAzGyB8,2024-05-21,2024-05-16 17:00:11,-5.0,473560,10707,1446,3910000,2,2,2,2,2,2,2,3,8,7,6,7,17.0,96.0,100.0,77.0,Other
Ubisoft Entertainment,Anno 1800: Empire of the Skies,Trailer,pXmpuUgiSYk,https://www.youtube.com/watch?v=pXmpuUgiSYk,2022-09-20,2022-09-20 13:00:35,0.0,55581,1054,74,3910000,1,0,0,0,0,0,0,0,100,73,0,0,0.0,0.0,0.0,0.0,Basic Trailer
Ubisoft Entertainment,Prince of Persia: The Lost Crown,Gameplay Trailer,MmX7a_e65uU,https://www.youtube.com/watch?v=MmX7a_e65uU,2024-01-18,2023-06-08 19:09:42,-224.0,1667859,17618,9865,3910000,2,0,0,0,0,0,0,0,41,100,49,24,51.0,56.0,26.0,16.0,Gameplay Content
Ubisoft Entertainment,Prince of Persia: The Lost Crown,Cinematic Trailer,wxP9Mx3AdEk,https://www.youtube.com/watch?v=wxP9Mx3AdEk,2024-01-18,2023-06-12 17:20:12,-220.0,154222,2298,1216,3910000,2,0,0,0,41,100,48,24,51,55,26,16,15.0,14.0,15.0,11.0,Story/Cinematic
Ubisoft Entertainment,Prince of Persia: The Lost Crown,Gameplay Trailer,T3qsC8T42Ag,https://www.youtube.com/watch?v=T3qsC8T42Ag,2024-01-18,2023-06-12 17:19:56,-220.0,245553,5056,1050,3910000,4,0,0,0,41,100,48,24,51,55,26,16,15.0,14.0,15.0,11.0,Gameplay Content
Ubisoft Entertainment,Prince of Persia: The Lost Crown,Dev Diary,jTGTfSOKKSc,https://www.youtube.com/watch?v=jTGTfSOKKSc,2024-01-18,2023-06-12 18:40:06,-220.0,75130,2024,509,3910000,6,0,0,0,41,100,48,24,51,55,26,16,15.0,14.0,15.0,11.0,Developer Content
Ubisoft Entertainment,Prince of Persia: The Lost Crown,Cinematic Trailer,wGXEkNHil_8,https://www.youtube.com/watch?v=wGXEkNHil_8,2024-01-18,2023-12-08 01:39:20,-41.0,50715,1445,285,10000000,2,0,14,0,8,17,15,14,42,19,14,13,15.0,44.0,100.0,47.0,Story/Cinematic
Ubisoft Entertainment,Prince of Persia: The Lost Crown,Trailer,Ydt6Q6ajwj4,https://www.youtube.com/watch?v=Ydt6Q6ajwj4,2024-01-18,2023-09-14 14:06:18,-126.0,117400,2209,293,10000000,1,0,0,24,38,0,0,0,100,76,53,30,22.0,22.0,35.0,0.0,Basic Trailer
Ubisoft Entertainment,Prince of Persia: The Lost Crown,Story Trailer,XkJnsZ9NgB8,https://www.youtube.com/watch?v=XkJnsZ9NgB8,2024-01-18,2023-12-08 01:21:35,-41.0,131164,2071,499,3910000,2,8,12,0,0,14,12,15,49,17,15,14,15.0,43.0,100.0,53.0,Story/Cinematic
Ubisoft Entertainment,Mario + Rabbids Sparks of Hope,Trailer,K0ND9rdE3_I,https://www.youtube.com/watch?v=K0ND9rdE3_I,2022-10-20,2022-06-28 14:00:10,-114.0,299414,8537,861,10000000,3,82,79,78,100,96,94,80,82,81,79,81,82.0,90.0,83.0,87.0,Basic Trailer
Ubisoft Entertainment,Mario + Rabbids Sparks of Hope,Gameplay Video,B506vC00vdk,https://www.youtube.com/watch?v=B506vC00vdk,2022-10-20,2022-09-10 19:02:05,-40.0,76059,1616,118,3910000,7,95,97,87,77,85,78,82,91,95,83,84,87.0,84.0,87.0,100.0,Gameplay Content
