Name,Year,T,PA,BB%,K%,BB/K,AVG,OBP,SLG,OPS,IsoP,Spd,BABIP,UBR,wSB,wRC,wRAA,wOBA,ev,wRC+
Hirokazu Ibata,2005,CND,659,,,0.94,,,,,0.089,,,,,,,,,71
Michihiro Ogasawara,2005,NHF,580,,,0.54,,,,,0.276,,,,,,,,,125
Tony Batista,2005,FSH,591,,,0.20,,,,,0.2,,,,,,,,,137
Yuji Yoshioka,2005,RAK,427,,,0.45,,,,,0.137,,,,,,,,,110
Matt Franco,2005,LOT,520,,,0.58,,,,,0.196,,,,,,,,,176
Hiroki Kokubo,2005,YOM,592,,,0.54,,,,,0.242,,,,,,,,,66
Julio Zuleta,2005,FSH,526,,,0.37,,,,,0.328,,,,,,,,,107
Jose Fernandez,2005,SEI,473,,,0.51,,,,,0.252,,,,,,,,,66
Takuro Ishii,2005,YB,688,,,0.79,,,,,0.082,,,,,,,,,105
Koichi Ogata,2005,HIR,490,,,0.71,,,,,0.206,,,,,,,,,134
Cliff Brumbaugh,2005,ORI,499,,,0.45,,,,,0.172,,,,,,,,,100
Kazuyoshi Tatsunami,2005,CND,580,,,0.89,,,,,0.108,,,,,,,,,93
Akihiro Yano,2005,HST,550,,,0.28,,,,,0.166,,,,,,,,,107
Hitoshi Tamura,2005,YB,499,,,0.40,,,,,0.273,,,,,,,,,110
Seung-Yeop Lee,2005,LOT,445,,,0.42,,,,,0.292,,,,,,,,,98
Shinnosuke Abe,2005,YOM,534,,,0.65,,,,,0.197,,,,,,,,,110
Katsuhiko Miyaji,2005,FSH,451,,,0.67,,,,,0.081,,,,,,,,,84
Kazuhiro Wada,2005,SEI,542,,,0.91,,,,,0.251,,,,,,,,,78
Shigenobu Shima,2005,HIR,625,,,0.47,,,,,0.186,,,,,,,,,144
Tatsuhiko Kinjo,2005,YB,642,,,0.51,,,,,0.115,,,,,,,,,111
Hirotoshi Kitagawa,2005,ORI,487,,,0.56,,,,,0.176,,,,,,,,,87
Kosuke Fukudome,2005,CND,612,,,0.73,,,,,0.262,,,,,,,,,157
Andy Sheets,2005,HST,614,,,0.32,,,,,0.173,,,,,,,,,90
Hitoshi Taneda,2005,YB,606,,,0.97,,,,,0.1,,,,,,,,,92
Toshiaki Imae,2005,LOT,509,,,0.35,,,,,0.141,,,,,,,,,109
Takayuki Shimizu,2005,YOM,531,,,0.73,,,,,0.153,,,,,,,,,99
Tsuyoshi Nishioka,2005,LOT,493,,,0.61,,,,,0.125,,,,,,,,,188
Kenji Jojima,2005,FSH,463,,,1.03,,,,,0.248,,,,,,,,,121
Shogo Akada,2005,SEI,478,,,0.32,,,,,0.08,,,,,,,,,101
Takahiro Arai,2005,HIR,587,,,0.29,,,,,0.298,,,,,,,,,95
Akinori Iwamura,2005,YAK,618,,,0.43,,,,,0.235,,,,,,,,,101
Keiichi Hirano,2005,ORI,457,,,0.52,,,,,0.055,,,,,,,,,112
Masahiro Araki,2005,CND,674,,,0.49,,,,,0.055,,,,,,,,,138
Makoto Imaoka,2005,HST,630,,,0.65,,,,,0.209,,,,,,,,,119
Masaaki Koike,2005,YB,492,,,0.44,,,,,0.188,,,,,,,,,142
Atsunori Inaba,2005,NHF,441,,,0.26,,,,,0.196,,,,,,,,,83
Munenori Kawasaki,2005,FSH,458,,,0.50,,,,,0.075,,,,,,,,,104
Yoshihito Ishii,2005,SEI,471,,,0.69,,,,,0.118,,,,,,,,,139
Tomonori Maeda,2005,HIR,590,,,1.02,,,,,0.228,,,,,,,,,74
Alex Ramirez,2005,YAK,629,,,0.19,,,,,0.196,,,,,,,,,155
Motonobu Tanishige,2005,CND,537,,,0.65,,,,,0.143,,,,,,,,,138
Yoshitomo Tani,2005,ORI,461,,,0.50,,,,,0.087,,,,,,,,,134
Norihiro Akahoshi,2005,HST,689,,,0.77,,,,,0.06,,,,,,,,,118
Ryoji Aikawa,2005,YB,559,,,0.43,,,,,0.088,,,,,,,,,113
Tomohiro Nioka,2005,YOM,593,,,0.47,,,,,0.135,,,,,,,,,100
Fernando Seguignol,2005,NHF,544,,,0.32,,,,,0.231,,,,,,,,,174
Naoyuki Omura,2005,FSH,584,,,0.29,,,,,0.096,,,,,,,,,149
Koichi Isobe,2005,RAK,534,,,0.42,,,,,0.153,,,,,,,,,108
Kazuya Fukuura,2005,LOT,491,,,0.71,,,,,0.104,,,,,,,,,97
Norichika Aoki,2005,YAK,649,,,0.33,,,,,0.073,,,,,,,,,107
Ty Woods,2005,CND,584,,,0.48,,,,,0.265,,,,,,,,,94
Alex Cabrera,2005,SEI,528,,,0.61,,,,,0.306,,,,,,,,,154
Shuichi Murata,2005,YB,539,,,0.35,,,,,0.226,,,,,,,,,131
Takashi Toritani,2005,HST,646,,,0.46,,,,,0.098,,,,,,,,,101
Alex Ochoa,2005,CND,574,,,0.40,,,,,0.149,,,,,,,,,129
Toshihisa Nishi,2005,YOM,522,,,0.39,,,,,0.095,,,,,,,,,93
Kuniyuki Kimoto,2005,NHF,565,,,0.33,,,,,0.152,,,,,,,,,112
Nobuhiko Matsunaka,2005,FSH,575,,,0.89,,,,,0.348,,,,,,,,,76
Takeshi Yamasaki,2005,RAK,430,,,0.48,,,,,0.258,,,,,,,,,125
Koichi Hori,2005,LOT,421,,,0.41,,,,,0.097,,,,,,,,,103
Shinya Miyamoto,2005,YAK,608,,,0.30,,,,,0.08,,,,,,,,,178
Jolbert Cabrera,2005,FSH,505,,,0.53,,,,,0.108,,,,,,,,,162
Hiroyuki Nakajima,2005,SEI,444,,,0.33,,,,,0.143,,,,,,,,,108
Takahiro Saeki,2005,YB,640,,,0.48,,,,,0.154,,,,,,,,,127
Tomoaki Kanemoto,2005,HST,662,,,1.14,,,,,0.288,,,,,,,,,84
Fernando Seguignol,2006,NHF,540,,,0.34,,,,,0.237,,,,,,,,,118
Yasuyuki Kataoka,2006,SEI,468,,,0.57,,,,,0.101,,,,,,,,,90
Nobuhiko Matsunaka,2006,FSH,559,,,2.76,,,,,0.204,,,,,,,,,114
Ryuji Miyade,2006,YAK,473,,,0.46,,,,,0.13,,,,,,,,,117
Benny Agbayani,2006,LOT,473,,,0.68,,,,,0.17,,,,,,,,,85
Makoto Shiozaki,2006,ORI,473,,,0.59,,,,,0.11,,,,,,,,,112
Masahiro Araki,2006,CND,506,,,0.53,,,,,0.058,,,,,,,,,137
Takuro Ishii,2006,YB,675,,,0.64,,,,,0.079,,,,,,,,,147
Akihiro Higashide,2006,HIR,550,,,0.45,,,,,0.024,,,,,,,,,115
Hichori Morimoto,2006,NHF,595,,,0.45,,,,,0.129,,,,,,,,,149
Jose Fernandez,2006,RAK,552,,,0.71,,,,,0.239,,,,,,,,,177
Akihiro Yano,2006,HST,501,,,0.34,,,,,0.17,,,,,,,,,106
Kazuya Fukuura,2006,LOT,484,,,0.63,,,,,0.078,,,,,,,,,113
Yoshitomo Tani,2006,ORI,469,,,0.73,,,,,0.078,,,,,,,,,141
Motonobu Tanishige,2006,CND,520,,,0.70,,,,,0.119,,,,,,,,,134
Tatsuhiko Kinjo,2006,YB,618,,,0.84,,,,,0.107,,,,,,,,,147
Eishin Soyogi,2006,HIR,494,,,0.44,,,,,0.133,,,,,,,,,125
Kensuke Tanaka,2006,NHF,450,,,0.50,,,,,0.114,,,,,,,,,134
Rick Short,2006,RAK,431,,,0.43,,,,,0.097,,,,,,,,,93
Andy Sheets,2006,HST,629,,,0.35,,,,,0.155,,,,,,,,,203
Seung-Yeop Lee,2006,YOM,592,,,0.44,,,,,0.292,,,,,,,,,99
Tomoya Satozaki,2006,LOT,449,,,0.47,,,,,0.199,,,,,,,,,110
Alex Cabrera,2006,SEI,540,,,0.59,,,,,0.249,,,,,,,,,123
Ty Woods,2006,CND,614,,,0.56,,,,,0.325,,,,,,,,,152
Adam Riggs,2006,YAK,636,,,0.29,,,,,0.264,,,,,,,,,99
Shigenobu Shima,2006,HIR,530,,,0.26,,,,,0.17,,,,,,,,,105
Makoto Kaneko,2006,NHF,439,,,0.38,,,,,0.127,,,,,,,,,127
Alex Ochoa,2006,CND,578,,,0.60,,,,,0.147,,,,,,,,,114
Norihiro Akahoshi,2006,HST,642,,,0.64,,,,,0.034,,,,,,,,,97
Takeshi Yamasaki,2006,RAK,479,,,0.44,,,,,0.191,,,,,,,,,89
Shinnosuke Abe,2006,YOM,497,,,0.46,,,,,0.133,,,,,,,,,171
Toshiaki Imae,2006,LOT,489,,,0.23,,,,,0.123,,,,,,,,,99
Hiroyuki Nakajima,2006,SEI,459,,,0.45,,,,,0.175,,,,,,,,,99
Julio Zuleta,2006,FSH,532,,,0.42,,,,,0.234,,,,,,,,,124
Akinori Iwamura,2006,YAK,621,,,0.55,,,,,0.233,,,,,,,,,145
Takahiro Arai,2006,HIR,611,,,0.27,,,,,0.18,,,,,,,,,153
Michihiro Ogasawara,2006,NHF,579,,,0.86,,,,,0.26,,,,,,,,,102
Hirokazu Ibata,2006,CND,666,,,0.85,,,,,0.082,,,,,,,,,185
Osamu Hamanaka,2006,HST,538,,,0.54,,,,,0.181,,,,,,,,,186
Teppei Tsuchiya,2006,RAK,432,,,0.31,,,,,0.093,,,,,,,,,131
Tomohiro Nioka,2006,YOM,598,,,0.27,,,,,0.183,,,,,,,,,96
Tsuyoshi Nishioka,2006,LOT,485,,,0.80,,,,,0.108,,,,,,,,,108
Kazuhiro Wada,2006,SEI,566,,,0.93,,,,,0.196,,,,,,,,,98
Munenori Kawasaki,2006,FSH,513,,,0.59,,,,,0.098,,,,,,,,,68
Alex Ramirez,2006,YAK,636,,,0.18,,,,,0.182,,,,,,,,,99
Tomonori Maeda,2006,HIR,522,,,0.95,,,,,0.197,,,,,,,,,131
Tsuyoshi Shinjo,2006,NHF,477,,,0.32,,,,,0.158,,,,,,,,,117
Kosuke Fukudome,2006,CND,578,,,0.81,,,,,0.302,,,,,,,,,171
Takashi Toritani,2006,HST,609,,,0.54,,,,,0.142,,,,,,,,,127
Yosuke Takasu,2006,RAK,477,,,0.73,,,,,0.057,,,,,,,,,117
Atsunori Inaba,2006,NHF,518,,,0.36,,,,,0.216,,,,,,,,,102
Shogo Akada,2006,SEI,518,,,0.46,,,,,0.08,,,,,,,,,123
Naoyuki Omura,2006,FSH,621,,,0.59,,,,,0.077,,,,,,,,,94
Norichika Aoki,2006,YAK,680,,,0.87,,,,,0.119,,,,,,,,,83
Arihito Muramatsu,2006,ORI,439,,,0.50,,,,,0.07,,,,,,,,,111
Masahiko Morino,2006,CND,469,,,0.49,,,,,0.114,,,,,,,,,111
Shuichi Murata,2006,YB,611,,,0.25,,,,,0.253,,,,,,,,,156
Tomoaki Kanemoto,2006,HST,634,,,0.81,,,,,0.202,,,,,,,,,89
Tomohiro Nioka,2007,YOM,562,,,0.37,,,,,0.161,,,,,,,,,141
Greg LaRocca,2007,ORI,576,,,0.53,,,,,0.219,,,,,,,,,104
Masahiko Morino,2007,CND,607,,,0.63,,,,,0.164,,,,,,,,,129
Takashi Toritani,2007,HST,642,,,0.59,,,,,0.101,,,,,,,,,155
Takeshi Yamasaki,2007,RAK,594,,,0.50,,,,,0.316,,,,,,,,,127
Norichika Aoki,2007,YAK,652,,,1.21,,,,,0.162,,,,,,,,,90
Atsunori Inaba,2007,NHF,579,,,0.51,,,,,0.171,,,,,,,,,111
Toru Hosokawa,2007,SEI,448,,,0.21,,,,,0.127,,,,,,,,,138
Hitoshi Tamura,2007,FSH,553,,,0.32,,,,,0.143,,,,,,,,,97
Toshihisa Nishi,2007,YB,606,,,0.57,,,,,0.11,,,,,,,,,86
Benny Agbayani,2007,LOT,454,,,0.62,,,,,0.154,,,,,,,,,126
Yoshinobu Takahashi,2007,YOM,590,,,0.62,,,,,0.27,,,,,,,,,152
Hirotoshi Kitagawa,2007,ORI,602,,,0.39,,,,,0.093,,,,,,,,,118
Masahiro Araki,2007,CND,510,,,0.40,,,,,0.039,,,,,,,,,91
Teppei Tsuchiya,2007,RAK,524,,,0.49,,,,,0.11,,,,,,,,,77
Tomoaki Kanemoto,2007,HST,624,,,0.72,,,,,0.218,,,,,,,,,146
Shinya Miyamoto,2007,YAK,514,,,0.40,,,,,0.084,,,,,,,,,91
Fernando Seguignol,2007,NHF,546,,,0.50,,,,,0.179,,,,,,,,,132
Yasuyuki Kataoka,2007,SEI,486,,,0.33,,,,,0.076,,,,,,,,,118
Naoyuki Omura,2007,FSH,487,,,0.18,,,,,0.051,,,,,,,,,102
Yuki Yoshimura,2007,YB,566,,,0.32,,,,,0.195,,,,,,,,,97
Yoshitomo Tani,2007,YOM,595,,,0.63,,,,,0.113,,,,,,,,,132
Tuffy Rhodes,2007,ORI,554,,,0.60,,,,,0.313,,,,,,,,,112
Motonobu Tanishige,2007,CND,474,,,0.73,,,,,0.086,,,,,,,,,78
Yosuke Takasu,2007,RAK,551,,,0.63,,,,,0.064,,,,,,,,,87
Akihiro Higashide,2007,HIR,516,,,0.60,,,,,0.026,,,,,,,,,126
Yasushi Iihara,2007,YAK,467,,,0.22,,,,,0.122,,,,,,,,,117
Hichori Morimoto,2007,NHF,660,,,0.42,,,,,0.072,,,,,,,,,137
Jose Fernandez,2007,RAK,502,,,0.52,,,,,0.187,,,,,,,,,138
Nobuhiko Matsunaka,2007,FSH,519,,,1.03,,,,,0.166,,,,,,,,,112
Aaron Guiel,2007,YAK,611,,,0.60,,,,,0.247,,,,,,,,,71
Daisuke Hayakawa,2007,LOT,536,,,0.46,,,,,0.105,,,,,,,,,127
Alex Cabrera,2007,SEI,501,,,0.49,,,,,0.218,,,,,,,,,128
Norihiro Nakamura,2007,CND,521,,,0.59,,,,,0.184,,,,,,,,,95
Ryoji Aikawa,2007,YB,450,,,0.78,,,,,0.051,,,,,,,,,109
Eishin Soyogi,2007,HIR,588,,,0.54,,,,,0.158,,,,,,,,,80
Kensuke Tanaka,2007,NHF,638,,,0.40,,,,,0.089,,,,,,,,,112
Michihiro Ogasawara,2007,YOM,617,,,0.44,,,,,0.226,,,,,,,,,80
Koichi Isobe,2007,RAK,486,,,0.46,,,,,0.088,,,,,,,,,156
Yuichi Honda,2007,FSH,612,,,0.31,,,,,0.075,,,,,,,,,148
Saburo Omura,2007,LOT,528,,,0.41,,,,,0.121,,,,,,,,,101
Hiroyuki Nakajima,2007,SEI,593,,,0.31,,,,,0.139,,,,,,,,,128
Ty Woods,2007,CND,593,,,0.79,,,,,0.26,,,,,,,,,163
Shuichi Murata,2007,YB,615,,,0.56,,,,,0.266,,,,,,,,,113
Kenta Kurihara,2007,HIR,622,,,0.49,,,,,0.202,,,,,,,,,124
Makoto Kaneko,2007,NHF,470,,,0.35,,,,,0.084,,,,,,,,,98
Byung-Kyu Lee,2007,CND,508,,,0.21,,,,,0.109,,,,,,,,,100
Seung-Yeop Lee,2007,YOM,583,,,0.32,,,,,0.227,,,,,,,,,143
Andy Sheets,2007,HST,544,,,0.32,,,,,0.094,,,,,,,,,127
Naoto Watanabe,2007,RAK,472,,,0.74,,,,,0.061,,,,,,,,,150
Alex Ramirez,2007,YAK,628,,,0.22,,,,,0.226,,,,,,,,,61
Tomoya Satozaki,2007,LOT,528,,,0.33,,,,,0.157,,,,,,,,,105
Kazuhiro Wada,2007,SEI,548,,,0.65,,,,,0.158,,,,,,,,,97
Hiroki Kokubo,2007,FSH,514,,,0.40,,,,,0.217,,,,,,,,,161
Takahiro Saeki,2007,YB,447,,,0.63,,,,,0.196,,,,,,,,,71
Takahiro Arai,2007,HIR,619,,,0.40,,,,,0.191,,,,,,,,,61
Shinnosuke Abe,2007,YOM,580,,,0.75,,,,,0.238,,,,,,,,,94
Arihito Muramatsu,2007,ORI,506,,,0.47,,,,,0.038,,,,,,,,,111
Hirokazu Ibata,2007,CND,665,,,0.85,,,,,0.097,,,,,,,,,80
Norihiro Akahoshi,2007,HST,475,,,0.67,,,,,0.035,,,,,,,,,105
Rick Short,2007,RAK,458,,,0.66,,,,,0.103,,,,,,,,,186
Hiroyasu Tanaka,2007,YAK,543,,,0.65,,,,,0.12,,,,,,,,,70
Tsuyoshi Nishioka,2007,LOT,559,,,0.68,,,,,0.093,,,,,,,,,121
G.G. Sato,2007,SEI,542,,,0.37,,,,,0.23,,,,,,,,,88
Hiroshi Shibahara,2007,FSH,472,,,0.36,,,,,0.121,,,,,,,,,127
Tatsuhiko Kinjo,2007,YB,580,,,0.77,,,,,0.143,,,,,,,,,102
Tomonori Maeda,2007,HIR,446,,,0.65,,,,,0.15,,,,,,,,,90
Tomotaka Sakaguchi,2008,ORI,588,,,0.30,,,,,0.061,,,,,,,,,98
Yosuke Takasu,2008,RAK,449,,,0.76,,,,,0.089,,,,,,,,,137
Kentaro Sekimoto,2008,HST,521,,,0.89,,,,,0.123,,,,,,,,,130
Alex Ramirez,2008,YOM,600,,,0.43,,,,,0.297,,,,,,,,,157
Hichori Morimoto,2008,NHF,549,,,0.60,,,,,0.036,,,,,,,,,118
Ty Woods,2008,CND,573,,,0.57,,,,,0.251,,,,,,,,,127
Yasuyuki Kataoka,2008,SEI,634,,,0.42,,,,,0.084,,,,,,,,,170
Hiroyasu Tanaka,2008,YAK,604,,,0.63,,,,,0.071,,,,,,,,,154
Kenta Kurihara,2008,HIR,616,,,0.62,,,,,0.183,,,,,,,,,156
Tuffy Rhodes,2008,ORI,600,,,0.66,,,,,0.307,,,,,,,,,127
Seiichi Uchikawa,2008,YB,544,,,0.63,,,,,0.162,,,,,,,,,69
Norihiro Akahoshi,2008,HST,646,,,0.84,,,,,0.031,,,,,,,,,130
Hayato Sakamoto,2008,YOM,567,,,0.29,,,,,0.096,,,,,,,,,83
Kensuke Tanaka,2008,NHF,638,,,0.78,,,,,0.155,,,,,,,,,63
Munenori Kawasaki,2008,FSH,457,,,0.40,,,,,0.073,,,,,,,,,131
Jose Fernandez,2008,RAK,606,,,0.68,,,,,0.174,,,,,,,,,87
Kazuhiro Hatakeyama,2008,YAK,479,,,0.63,,,,,0.127,,,,,,,,,94
Yoshiyuki Ishihara,2008,HIR,457,,,0.28,,,,,0.109,,,,,,,,,124
Craig Brazell,2008,SEI,521,,,0.22,,,,,0.212,,,,,,,,,126
Byung-Kyu Lee,2008,CND,448,,,0.25,,,,,0.163,,,,,,,,,124
Shuichi Murata,2008,YB,554,,,0.49,,,,,0.342,,,,,,,,,82
Takashi Toritani,2008,HST,605,,,0.80,,,,,0.13,,,,,,,,,106
Michihiro Ogasawara,2008,YOM,589,,,0.53,,,,,0.263,,,,,,,,,81
Terrmel Sledge,2008,NHF,446,,,0.50,,,,,0.185,,,,,,,,,105
Naoto Watanabe,2008,RAK,567,,,0.82,,,,,0.032,,,,,,,,,117
Nobuhiko Matsunaka,2008,FSH,632,,,0.85,,,,,0.199,,,,,,,,,144
Kazuki Fukuchi,2008,YAK,532,,,0.32,,,,,0.13,,,,,,,,,114
Shoitsu Omatsu,2008,LOT,489,,,0.45,,,,,0.237,,,,,,,,,116
Hiroyuki Nakajima,2008,SEI,556,,,0.57,,,,,0.195,,,,,,,,,123
Hirokazu Ibata,2008,CND,466,,,0.66,,,,,0.091,,,,,,,,,97
Tatsuhiko Kinjo,2008,YB,532,,,0.50,,,,,0.092,,,,,,,,,81
Tomoaki Kanemoto,2008,HST,623,,,0.78,,,,,0.221,,,,,,,,,76
Shinnosuke Abe,2008,YOM,484,,,0.67,,,,,0.231,,,,,,,,,121
Alex Cabrera,2008,ORI,576,,,0.56,,,,,0.278,,,,,,,,,140
Rick Short,2008,RAK,525,,,0.49,,,,,0.145,,,,,,,,,76
Nobuhiro Matsuda,2008,FSH,595,,,0.24,,,,,0.189,,,,,,,,,121
Norichika Aoki,2008,YAK,500,,,0.89,,,,,0.182,,,,,,,,,95
Toshiaki Imae,2008,LOT,450,,,0.40,,,,,0.2,,,,,,,,,162
Takeya Nakamura,2008,SEI,590,,,0.33,,,,,0.324,,,,,,,,,72
Kazuhiro Wada,2008,CND,560,,,0.48,,,,,0.173,,,,,,,,,87
Toshihisa Nishi,2008,YB,535,,,0.35,,,,,0.13,,,,,,,,,151
Mitsutaka Goto,2008,ORI,447,,,0.18,,,,,0.18,,,,,,,,,98
Takeshi Yamasaki,2008,RAK,589,,,0.62,,,,,0.194,,,,,,,,,146
Yuichi Honda,2008,FSH,489,,,0.31,,,,,0.064,,,,,,,,,166
Tsuyoshi Nishioka,2008,LOT,522,,,0.53,,,,,0.163,,,,,,,,,112
Shinya Miyamoto,2008,YAK,482,,,0.50,,,,,0.047,,,,,,,,,160
Takumi Kuriyama,2008,SEI,612,,,0.80,,,,,0.133,,,,,,,,,114
Masahiro Araki,2008,CND,591,,,0.43,,,,,0.058,,,,,,,,,129
Yuki Yoshimura,2008,YB,574,,,0.22,,,,,0.264,,,,,,,,,119
Akihiro Higashide,2008,HIR,576,,,0.38,,,,,0.027,,,,,,,,,185
Takeshi Hidaka,2008,ORI,474,,,0.42,,,,,0.163,,,,,,,,,95
Teppei Tsuchiya,2008,RAK,482,,,0.81,,,,,0.133,,,,,,,,,152
Keiichi Hirano,2008,HST,452,,,0.56,,,,,0.044,,,,,,,,,111
Atsunori Inaba,2008,NHF,513,,,0.66,,,,,0.212,,,,,,,,,104
Yasushi Iihara,2008,YAK,469,,,0.48,,,,,0.143,,,,,,,,,131
Norihiro Nakamura,2008,CND,557,,,0.42,,,,,0.187,,,,,,,,,132
Toru Hosokawa,2008,SEI,446,,,0.09,,,,,0.173,,,,,,,,,70
Alex Ochoa,2008,HIR,605,,,0.51,,,,,0.134,,,,,,,,,80
Keizo Kawashima,2009,YAK,485,,,0.42,,,,,0.124,,,,,,,,,170
Aaron Guiel,2009,YAK,482,,,0.52,,,,,0.267,,,,,,,,,107
Kenta Kurihara,2009,HIR,582,,,0.59,,,,,0.173,,,,,,,,,91
Shinji Takahashi,2009,NHF,558,,,0.45,,,,,0.094,,,,,,,,,162
Naoto Watanabe,2009,RAK,547,,,0.80,,,,,0.067,,,,,,,,,145
Keiichi Hirano,2009,HST,462,,,0.42,,,,,0.062,,,,,,,,,92
Tomoya Satozaki,2009,LOT,479,,,0.40,,,,,0.13,,,,,,,,,139
Shinnosuke Abe,2009,YOM,462,,,0.39,,,,,0.293,,,,,,,,,157
Hiroki Kokubo,2009,FSH,605,,,0.50,,,,,0.152,,,,,,,,,87
Hiroyuki Nakajima,2009,SEI,648,,,0.66,,,,,0.184,,,,,,,,,108
Norichika Aoki,2009,YAK,624,,,1.15,,,,,0.141,,,,,,,,,96
Hiroyasu Tanaka,2009,YAK,514,,,0.68,,,,,0.092,,,,,,,,,144
Masato Akamatsu,2009,HIR,489,,,0.42,,,,,0.092,,,,,,,,,153
Terrmel Sledge,2009,NHF,487,,,0.54,,,,,0.263,,,,,,,,,131
Hirokazu Ibata,2009,CND,657,,,1.09,,,,,0.076,,,,,,,,,133
Takeshi Yamasaki,2009,RAK,611,,,0.59,,,,,0.269,,,,,,,,,137
Kentaro Sekimoto,2009,HST,462,,,0.64,,,,,0.082,,,,,,,,,98
Yoshiyuki Kamei,2009,YOM,547,,,0.61,,,,,0.22,,,,,,,,,125
Tsuyoshi Nishioka,2009,LOT,531,,,0.88,,,,,0.167,,,,,,,,,133
G.G. Sato,2009,SEI,556,,,0.36,,,,,0.217,,,,,,,,,135
Jose Ortiz,2009,FSH,458,,,0.44,,,,,0.214,,,,,,,,,131
Ryoji Aikawa,2009,YAK,446,,,0.33,,,,,0.092,,,,,,,,,83
Scott McClain,2009,HIR,447,,,0.40,,,,,0.18,,,,,,,,,155
Kazuhiro Wada,2009,CND,592,,,1.21,,,,,0.23,,,,,,,,,68
Teppei Tsuchiya,2009,RAK,565,,,0.62,,,,,0.177,,,,,,,,,142
Takahiro Arai,2009,HST,599,,,0.34,,,,,0.142,,,,,,,,,138
Atsunori Inaba,2009,NHF,587,,,0.68,,,,,0.192,,,,,,,,,120
Takeya Nakamura,2009,SEI,562,,,0.34,,,,,0.365,,,,,,,,,100
Munenori Kawasaki,2009,FSH,640,,,0.52,,,,,0.1,,,,,,,,,146
Kazuya Fukuura,2009,LOT,460,,,0.71,,,,,0.091,,,,,,,,,111
Shinya Miyamoto,2009,YAK,505,,,0.28,,,,,0.104,,,,,,,,,107
Yoshio Itoi,2009,NHF,496,,,0.49,,,,,0.214,,,,,,,,,81
Masahiko Morino,2009,CND,632,,,0.76,,,,,0.214,,,,,,,,,115
Seiichi Uchikawa,2009,YB,552,,,0.75,,,,,0.173,,,,,,,,,94
Takashi Toritani,2009,HST,617,,,0.78,,,,,0.177,,,,,,,,,84
Eiichi Koyano,2009,NHF,581,,,0.28,,,,,0.14,,,,,,,,,142
Takumi Kuriyama,2009,SEI,643,,,0.50,,,,,0.127,,,,,,,,,107
Nobuhiko Matsunaka,2009,FSH,521,,,0.81,,,,,0.201,,,,,,,,,70
Saburo Omura,2009,LOT,489,,,0.40,,,,,0.22,,,,,,,,,79
Alex Ramirez,2009,YOM,608,,,0.24,,,,,0.222,,,,,,,,,140
Jose Fernandez,2009,ORI,447,,,0.44,,,,,0.161,,,,,,,,,126
Masahiro Araki,2009,CND,631,,,0.36,,,,,0.05,,,,,,,,,125
Takehiro Ishikawa,2009,YB,495,,,0.13,,,,,0.058,,,,,,,,,100
Tomoaki Kanemoto,2009,HST,619,,,0.90,,,,,0.193,,,,,,,,,126
Kensuke Tanaka,2009,NHF,680,,,0.75,,,,,0.089,,,,,,,,,145
Yasuyuki Kataoka,2009,SEI,646,,,0.50,,,,,0.134,,,,,,,,,77
Yuichi Honda,2009,FSH,622,,,0.46,,,,,0.078,,,,,,,,,111
Shoitsu Omatsu,2009,LOT,553,,,0.59,,,,,0.176,,,,,,,,,98
Hayato Sakamoto,2009,YOM,640,,,0.44,,,,,0.16,,,,,,,,,127
Naoyuki Omura,2009,ORI,462,,,0.51,,,,,0.05,,,,,,,,,121
Tony Blanco,2009,CND,615,,,0.31,,,,,0.259,,,,,,,,,94
Kazuki Fukuchi,2009,YAK,543,,,0.31,,,,,0.075,,,,,,,,,152
Yuki Yoshimura,2009,YB,588,,,0.34,,,,,0.148,,,,,,,,,78
Akihiro Higashide,2009,HIR,625,,,1.13,,,,,0.057,,,,,,,,,93
Makoto Kaneko,2009,NHF,510,,,0.31,,,,,0.17,,,,,,,,,96
Daisuke Kusano,2009,RAK,511,,,0.45,,,,,0.106,,,,,,,,,80
Yuya Hasegawa,2009,FSH,584,,,0.64,,,,,0.114,,,,,,,,,86
Tadahito Iguchi,2009,LOT,530,,,0.67,,,,,0.194,,,,,,,,,106
Michihiro Ogasawara,2009,YOM,580,,,0.56,,,,,0.233,,,,,,,,,128
Hidenori Tanoue,2009,FSH,520,,,0.24,,,,,0.207,,,,,,,,,50
Tomotaka Sakaguchi,2009,ORI,594,,,0.64,,,,,0.099,,,,,,,,,109
Alex Cabrera,2010,ORI,481,,,0.76,,,,,0.238,,,,,,,,,147
Masahiko Morino,2010,CND,626,,,0.83,,,,,0.21,,,,,,,,,129
Kenji Jojima,2010,HST,602,,,0.51,,,,,0.204,,,,,,,,,131
Hayato Sakamoto,2010,YOM,676,,,0.57,,,,,0.223,,,,,,,,,149
Tsuyoshi Nishioka,2010,LOT,692,,,0.82,,,,,0.136,,,,,,,,,111
Yasuyuki Kataoka,2010,SEI,643,,,0.60,,,,,0.139,,,,,,,,,96
Nobuhiro Matsuda,2010,FSH,458,,,0.16,,,,,0.196,,,,,,,,,145
Hiroyasu Tanaka,2010,YAK,637,,,1.40,,,,,0.062,,,,,,,,,120
Kenta Kurihara,2010,HIR,450,,,0.73,,,,,0.174,,,,,,,,,110
Mitsutaka Goto,2010,ORI,632,,,0.33,,,,,0.146,,,,,,,,,89
Masahiro Araki,2010,CND,625,,,0.52,,,,,0.083,,,,,,,,,97
Jose Castillo,2010,YB,496,,,0.31,,,,,0.174,,,,,,,,,109
Matt Murton,2010,HST,668,,,0.67,,,,,0.15,,,,,,,,,108
Hisayoshi Chono,2010,YOM,459,,,0.35,,,,,0.202,,,,,,,,,110
Atsunori Inaba,2010,NHF,591,,,0.50,,,,,0.174,,,,,,,,,110
Motohiro Shima,2010,RAK,485,,,0.50,,,,,0.062,,,,,,,,,117
Yuichi Honda,2010,FSH,651,,,0.36,,,,,0.089,,,,,,,,,95
Saburo Omura,2010,LOT,513,,,0.47,,,,,0.168,,,,,,,,,83
Norichika Aoki,2010,YAK,667,,,1.03,,,,,0.151,,,,,,,,,93
T-Okada,2010,ORI,520,,,0.36,,,,,0.291,,,,,,,,,100
Tony Blanco,2010,CND,561,,,0.36,,,,,0.237,,,,,,,,,118
Seiichi Uchikawa,2010,YB,637,,,0.92,,,,,0.123,,,,,,,,,124
Takahiro Arai,2010,HST,641,,,0.58,,,,,0.174,,,,,,,,,127
Michihiro Ogasawara,2010,YOM,591,,,0.72,,,,,0.251,,,,,,,,,93
Eiichi Koyano,2010,NHF,614,,,0.33,,,,,0.156,,,,,,,,,88
Norihiro Nakamura,2010,RAK,521,,,0.52,,,,,0.131,,,,,,,,,83
Yuya Hasegawa,2010,FSH,519,,,0.53,,,,,0.059,,,,,,,,,95
Shoitsu Omatsu,2010,LOT,603,,,0.57,,,,,0.142,,,,,,,,,135
Ryoji Aikawa,2010,YAK,474,,,0.43,,,,,0.126,,,,,,,,,73
Hiroki Kokubo,2010,FSH,469,,,0.49,,,,,0.157,,,,,,,,,147
Tomotaka Sakaguchi,2010,ORI,622,,,0.68,,,,,0.118,,,,,,,,,98
Shuichi Murata,2010,YB,617,,,0.36,,,,,0.191,,,,,,,,,139
Takashi Toritani,2010,HST,651,,,0.71,,,,,0.174,,,,,,,,,110
Ryota Wakiya,2010,YOM,459,,,0.44,,,,,0.123,,,,,,,,,101
Hichori Morimoto,2010,NHF,505,,,0.51,,,,,0.056,,,,,,,,,152
Ryo Hijirisawa,2010,RAK,577,,,0.33,,,,,0.099,,,,,,,,,94
Craig Brazell,2010,HST,601,,,0.16,,,,,0.277,,,,,,,,,68
Shinya Miyamoto,2010,YAK,517,,,0.87,,,,,0.081,,,,,,,,,150
Tadahito Iguchi,2010,LOT,650,,,0.86,,,,,0.183,,,,,,,,,127
Hitoshi Tamura,2010,FSH,559,,,0.35,,,,,0.226,,,,,,,,,98
Dee Brown,2010,SEI,479,,,0.49,,,,,0.196,,,,,,,,,105
Takehiro Ishikawa,2010,YB,584,,,0.23,,,,,0.067,,,,,,,,,113
Akihiro Higashide,2010,HIR,492,,,0.47,,,,,0.07,,,,,,,,,140
Shinnosuke Abe,2010,YOM,569,,,0.64,,,,,0.327,,,,,,,,,121
Kensuke Tanaka,2010,NHF,662,,,1.09,,,,,0.082,,,,,,,,,94
Takeshi Yamasaki,2010,RAK,598,,,0.31,,,,,0.207,,,,,,,,,115
Yasushi Iihara,2010,YAK,492,,,0.49,,,,,0.165,,,,,,,,,145
Tae-Kyun Kim,2010,LOT,614,,,0.53,,,,,0.161,,,,,,,,,75
Jose Ortiz,2010,FSH,457,,,0.34,,,,,0.219,,,,,,,,,133
Hiroyuki Nakajima,2010,SEI,579,,,0.54,,,,,0.197,,,,,,,,,188
Tatsuya Shimozono,2010,YB,461,,,0.60,,,,,0.09,,,,,,,,,149
Eishin Soyogi,2010,HIR,659,,,0.66,,,,,0.141,,,,,,,,,128
Yoshio Itoi,2010,NHF,583,,,0.76,,,,,0.172,,,,,,,,,156
Kazuhiro Wada,2010,CND,602,,,1.19,,,,,0.285,,,,,,,,,170
Teppei Tsuchiya,2010,RAK,555,,,0.93,,,,,0.146,,,,,,,,,120
Keiichi Hirano,2010,HST,593,,,0.62,,,,,0.071,,,,,,,,,113
Alex Ramirez,2010,YOM,606,,,0.21,,,,,0.309,,,,,,,,,112
Toshiaki Imae,2010,LOT,596,,,0.33,,,,,0.13,,,,,,,,,122
Takumi Kuriyama,2010,SEI,660,,,1.16,,,,,0.092,,,,,,,,,123
Munenori Kawasaki,2010,FSH,662,,,0.50,,,,,0.081,,,,,,,,,142
Terrmel Sledge,2010,YB,533,,,0.44,,,,,0.237,,,,,,,,,124
Jun Hirose,2010,HIR,546,,,0.55,,,,,0.154,,,,,,,,,113
Daikan Yo,2011,NHF,603,,,0.16,,,,,0.091,,,,,,,,,109
Takeya Nakamura,2011,SEI,622,,,0.59,,,,,0.331,,,,,,,,,134
Masahiro Araki,2011,CND,593,,,0.49,,,,,0.055,,,,,,,,,77
Shinya Miyamoto,2011,YAK,518,,,0.46,,,,,0.053,,,,,,,,,125
Yoshihiro Maru,2011,HIR,495,,,0.42,,,,,0.117,,,,,,,,,107
T-Okada,2011,ORI,550,,,0.34,,,,,0.15,,,,,,,,,95
Takehiro Ishikawa,2011,YB,530,,,0.32,,,,,0.028,,,,,,,,,138
Keiichi Hirano,2011,HST,615,,,0.49,,,,,0.048,,,,,,,,,104
Eiichi Koyano,2011,NHF,525,,,0.39,,,,,0.08,,,,,,,,,83
Takumi Kuriyama,2011,SEI,653,,,0.81,,,,,0.077,,,,,,,,,133
Munenori Kawasaki,2011,FSH,655,,,0.43,,,,,0.06,,,,,,,,,167
Wladimir Balentien,2011,YAK,555,,,0.47,,,,,0.241,,,,,,,,,165
Shota Ishimine,2011,LOT,492,,,0.39,,,,,0.081,,,,,,,,,127
Tomotaka Sakaguchi,2011,ORI,651,,,0.70,,,,,0.073,,,,,,,,,151
Hiroyasu Tanaka,2011,YAK,619,,,0.63,,,,,0.039,,,,,,,,,126
Matt Murton,2011,HST,606,,,0.32,,,,,0.112,,,,,,,,,167
Sho Nakata,2011,NHF,572,,,0.23,,,,,0.171,,,,,,,,,107
Kazuo Matsui,2011,RAK,572,,,0.28,,,,,0.121,,,,,,,,,113
Nobuhiro Matsuda,2011,FSH,582,,,0.32,,,,,0.229,,,,,,,,,107
Alex Ramirez,2011,YOM,515,,,0.42,,,,,0.174,,,,,,,,,115
Tadahito Iguchi,2011,LOT,597,,,0.75,,,,,0.11,,,,,,,,,113
Kazuhiro Hatakeyama,2011,YAK,583,,,0.83,,,,,0.192,,,,,,,,,152
Takahiro Arai,2011,HST,602,,,0.39,,,,,0.149,,,,,,,,,108
Yoshio Itoi,2011,NHF,578,,,0.65,,,,,0.129,,,,,,,,,134
Seiichi Uchikawa,2011,FSH,463,,,0.52,,,,,0.147,,,,,,,,,74
Ryo Hijirisawa,2011,RAK,559,,,0.28,,,,,0.054,,,,,,,,,130
Hayato Sakamoto,2011,YOM,624,,,0.41,,,,,0.139,,,,,,,,,138
Toshiaki Imae,2011,LOT,543,,,0.42,,,,,0.112,,,,,,,,,102
Hideto Asamura,2011,SEI,498,,,0.71,,,,,0.114,,,,,,,,,136
Norichika Aoki,2011,YAK,643,,,0.93,,,,,0.069,,,,,,,,,95
Takashi Toritani,2011,HST,590,,,1.08,,,,,0.114,,,,,,,,,129
Aarom Baldiris,2011,ORI,544,,,0.53,,,,,0.15,,,,,,,,,157
Yuichi Honda,2011,FSH,633,,,0.68,,,,,0.063,,,,,,,,,82
Yosuke Takasu,2011,RAK,472,,,0.74,,,,,0.035,,,,,,,,,130
Hisayoshi Chono,2011,YOM,578,,,0.56,,,,,0.152,,,,,,,,,70
Yoshifumi Okada,2011,LOT,635,,,0.42,,,,,0.026,,,,,,,,,93
Hiroyuki Nakajima,2011,SEI,633,,,0.47,,,,,0.136,,,,,,,,,96
Kazuhiro Wada,2011,CND,522,,,1.13,,,,,0.153,,,,,,,,,139
Ryoji Aikawa,2011,YAK,458,,,0.48,,,,,0.046,,,,,,,,,100
Akihiro Higashide,2011,HIR,601,,,0.49,,,,,0.042,,,,,,,,,110
Keiji Obiki,2011,ORI,501,,,0.79,,,,,0.054,,,,,,,,,106
Naoto Watanabe,2011,YB,469,,,0.49,,,,,0.057,,,,,,,,,98
Yuya Hasegawa,2011,FSH,455,,,0.54,,,,,0.094,,,,,,,,,197
Atsunori Inaba,2011,NHF,518,,,0.38,,,,,0.135,,,,,,,,,104
Jose Fernandez,2011,SEI,577,,,0.46,,,,,0.136,,,,,,,,,116
Masahiko Morino,2011,CND,595,,,0.72,,,,,0.096,,,,,,,,,121
Shingo Kawabata,2011,YAK,457,,,0.78,,,,,0.095,,,,,,,,,135
Kenta Kurihara,2011,HIR,596,,,0.48,,,,,0.149,,,,,,,,,139
Mitsutaka Goto,2011,ORI,553,,,0.23,,,,,0.097,,,,,,,,,106
Shuichi Murata,2011,YB,592,,,0.43,,,,,0.17,,,,,,,,,107
Craig Brazell,2011,HST,456,,,0.30,,,,,0.164,,,,,,,,,127
Sho Aranami,2012,YDB,550,,,0.26,,,,,0.065,,,,,,,,,99
Takahiro Arai,2012,HST,493,,,0.35,,,,,0.113,,,,,,,,,109
Eiichi Koyano,2012,NHF,550,,,0.38,,,,,0.065,,,,,,,,,100
Takumi Kuriyama,2012,SEI,467,,,0.84,,,,,0.063,,,,,,,,,95
Seiichi Uchikawa,2012,FSH,567,,,0.86,,,,,0.092,,,,,,,,,110
Shunichi Nemoto,2012,LOT,584,,,0.32,,,,,0.117,,,,,,,,,154
Takayoshi Kawabata,2012,ORI,484,,,0.37,,,,,0.051,,,,,,,,,123
Kazuhiro Wada,2012,CND,586,,,0.99,,,,,0.124,,,,,,,,,160
Yoshitomo Tsutsugo,2012,YDB,446,,,0.50,,,,,0.135,,,,,,,,,103
Takashi Toritani,2012,HST,624,,,1.03,,,,,0.113,,,,,,,,,116
Kensuke Tanaka,2012,NHF,505,,,0.97,,,,,0.063,,,,,,,,,123
Ginji Akaminai,2012,RAK,485,,,0.59,,,,,0.074,,,,,,,,,146
Wily Mo Pena,2012,FSH,507,,,0.27,,,,,0.21,,,,,,,,,89
Hisayoshi Chono,2012,YOM,653,,,0.75,,,,,0.131,,,,,,,,,132
Tadahito Iguchi,2012,LOT,578,,,0.54,,,,,0.129,,,,,,,,,200
Esteban German,2012,SEI,583,,,0.76,,,,,0.073,,,,,,,,,91
Masahiko Morino,2012,CND,494,,,0.72,,,,,0.099,,,,,,,,,79
Hiroyasu Tanaka,2012,YAK,593,,,0.90,,,,,0.049,,,,,,,,,107
Eishin Soyogi,2012,HIR,575,,,0.71,,,,,0.114,,,,,,,,,113
Sho Nakata,2012,NHF,606,,,0.50,,,,,0.181,,,,,,,,,117
Yuichi Honda,2012,FSH,536,,,0.57,,,,,0.048,,,,,,,,,154
Jose Fernandez,2012,RAK,489,,,0.66,,,,,0.068,,,,,,,,,105
Shinnosuke Abe,2012,YOM,556,,,1.47,,,,,0.225,,,,,,,,,122
Toshiaki Imae,2012,LOT,501,,,0.51,,,,,0.101,,,,,,,,,105
Hideto Asamura,2012,SEI,459,,,0.54,,,,,0.131,,,,,,,,,74
Masahiro Araki,2012,CND,569,,,0.29,,,,,0.063,,,,,,,,,81
Kazuhiro Hatakeyama,2012,YAK,497,,,0.58,,,,,0.136,,,,,,,,,96
Shota Dobayashi,2012,HIR,554,,,0.29,,,,,0.154,,,,,,,,,113
Yoshio Itoi,2012,NHF,597,,,0.87,,,,,0.106,,,,,,,,,93
Yuya Hasegawa,2012,FSH,473,,,0.46,,,,,0.082,,,,,,,,,144
Ryo Hijirisawa,2012,RAK,595,,,0.47,,,,,0.061,,,,,,,,,155
Shuichi Murata,2012,YOM,575,,,0.42,,,,,0.122,,,,,,,,,139
Yoshifumi Okada,2012,LOT,482,,,0.38,,,,,0.026,,,,,,,,,131
Hiroyuki Nakajima,2012,SEI,567,,,0.68,,,,,0.14,,,,,,,,,139
Motonobu Tanishige,2012,CND,458,,,0.78,,,,,0.075,,,,,,,,,76
Lastings Milledge,2012,YAK,546,,,0.72,,,,,0.185,,,,,,,,,132
Katsuya Kakunaka,2012,LOT,525,,,0.56,,,,,0.103,,,,,,,,,133
Aarom Baldiris,2012,ORI,574,,,0.71,,,,,0.129,,,,,,,,,113
Alex Ramirez,2012,YDB,504,,,0.30,,,,,0.172,,,,,,,,,163
Keiichi Hirano,2012,HST,519,,,0.69,,,,,0.026,,,,,,,,,123
Atsunori Inaba,2012,NHF,497,,,0.46,,,,,0.131,,,,,,,,,90
Shogo Akiyama,2012,SEI,450,,,0.40,,,,,0.112,,,,,,,,,127
Yohei Oshima,2012,CND,631,,,0.58,,,,,0.058,,,,,,,,,144
Shingo Kawabata,2012,YAK,507,,,0.63,,,,,0.082,,,,,,,,,124
Dae-Ho Lee,2012,ORI,601,,,0.75,,,,,0.192,,,,,,,,,124
Norihiro Nakamura,2012,YDB,500,,,0.69,,,,,0.133,,,,,,,,,125
Matt Murton,2012,HST,473,,,0.32,,,,,0.082,,,,,,,,,69
Daikan Yo,2012,NHF,599,,,0.30,,,,,0.111,,,,,,,,,99
Takeya Nakamura,2012,SEI,498,,,0.45,,,,,0.229,,,,,,,,,119
Kenji Akashi,2012,FSH,567,,,0.34,,,,,0.045,,,,,,,,,113
Hayato Sakamoto,2012,YOM,619,,,0.43,,,,,0.145,,,,,,,,,69
Saburo Omura,2012,LOT,560,,,0.74,,,,,0.103,,,,,,,,,145
Mitsutaka Goto,2012,ORI,546,,,0.19,,,,,0.063,,,,,,,,,84
Hirokazu Ibata,2012,CND,553,,,0.90,,,,,0.047,,,,,,,,,84
Takumi Kuriyama,2013,SEI,637,,,1.03,,,,,0.135,,,,,,,,,143
Kenta Imamiya,2013,FSH,600,,,0.37,,,,,0.094,,,,,,,,,136
Wladimir Balentien,2013,YAK,547,,,0.98,,,,,0.449,,,,,,,,,104
Daichi Suzuki,2013,LOT,551,,,0.58,,,,,0.119,,,,,,,,,132
Ryoichi Adachi,2013,ORI,470,,,0.34,,,,,0.081,,,,,,,,,145
Motohiro Shima,2013,RAK,507,,,0.42,,,,,0.06,,,,,,,,,102
Takahiro Arai,2013,HST,548,,,0.55,,,,,0.137,,,,,,,,,143
Keiji Obiki,2013,NHF,492,,,0.58,,,,,0.067,,,,,,,,,100
Andruw Jones,2013,RAK,604,,,0.64,,,,,0.211,,,,,,,,,114
Hayato Sakamoto,2013,YOM,620,,,0.63,,,,,0.128,,,,,,,,,114
Katsuya Kakunaka,2013,LOT,525,,,0.79,,,,,0.115,,,,,,,,,117
Yoshio Itoi,2013,ORI,601,,,0.71,,,,,0.168,,,,,,,,,151
Kazuhiro Wada,2013,CND,581,,,1.22,,,,,0.16,,,,,,,,,77
Takashi Toritani,2013,HST,643,,,1.60,,,,,0.128,,,,,,,,,96
Ryo Hijirisawa,2013,RAK,491,,,0.44,,,,,0.072,,,,,,,,,132
Michel Abreu,2013,NHF,571,,,0.43,,,,,0.222,,,,,,,,,140
Casey McGehee,2013,RAK,590,,,0.59,,,,,0.222,,,,,,,,,104
Nobuhiro Matsuda,2013,FSH,626,,,0.22,,,,,0.164,,,,,,,,,106
Hisayoshi Chono,2013,YOM,642,,,0.48,,,,,0.142,,,,,,,,,156
Shunichi Nemoto,2013,LOT,559,,,0.61,,,,,0.091,,,,,,,,,51
Esteban German,2013,SEI,623,,,0.98,,,,,0.077,,,,,,,,,124
Masahiko Morino,2013,CND,457,,,0.89,,,,,0.175,,,,,,,,,76
Tsuyoshi Nishioka,2013,HST,549,,,0.69,,,,,0.093,,,,,,,,,88
Norihiro Nakamura,2013,YDB,473,,,0.48,,,,,0.146,,,,,,,,,133
Sho Nakata,2013,NHF,459,,,0.58,,,,,0.246,,,,,,,,,111
Seiichi Uchikawa,2013,FSH,633,,,0.98,,,,,0.161,,,,,,,,,73
Jose Lopez,2013,YOM,467,,,0.44,,,,,0.186,,,,,,,,,130
Tadahito Iguchi,2013,LOT,566,,,0.83,,,,,0.214,,,,,,,,,225
Ginjiro Sumitani,2013,SEI,468,,,0.48,,,,,0.075,,,,,,,,,100
Matt Clark,2013,CND,467,,,0.38,,,,,0.219,,,,,,,,,146
Yamato Maeda,2013,HST,454,,,0.68,,,,,0.047,,,,,,,,,117
Sho Aranami,2013,YDB,490,,,0.39,,,,,0.079,,,,,,,,,102
Aarom Baldiris,2013,ORI,585,,,0.81,,,,,0.152,,,,,,,,,172
Ginji Akaminai,2013,RAK,525,,,0.82,,,,,0.087,,,,,,,,,120
Yuichi Honda,2013,FSH,471,,,0.68,,,,,0.064,,,,,,,,,162
Shinnosuke Abe,2013,YOM,529,,,1.46,,,,,0.268,,,,,,,,,76
Toshiaki Imae,2013,LOT,551,,,0.58,,,,,0.11,,,,,,,,,96
Hideto Asamura,2013,SEI,620,,,0.69,,,,,0.238,,,,,,,,,85
Yohei Oshima,2013,CND,555,,,0.54,,,,,0.062,,,,,,,,,151
Takehiro Ishikawa,2013,YDB,523,,,0.67,,,,,0.076,,,,,,,,,95
Ryosuke Kikuchi,2013,HIR,633,,,0.31,,,,,0.126,,,,,,,,,163
Dae-Ho Lee,2013,ORI,593,,,0.80,,,,,0.19,,,,,,,,,127
Kazuo Matsui,2013,RAK,497,,,0.47,,,,,0.141,,,,,,,,,161
Yuya Hasegawa,2013,FSH,637,,,0.42,,,,,0.169,,,,,,,,,87
Shuichi Murata,2013,YOM,595,,,0.68,,,,,0.195,,,,,,,,,130
Daikan Yo,2013,NHF,658,,,0.49,,,,,0.148,,,,,,,,,78
Shogo Akiyama,2013,SEI,634,,,0.55,,,,,0.138,,,,,,,,,81
Akira Nakamura,2013,FSH,492,,,0.92,,,,,0.096,,,,,,,,,139
Tony Blanco,2013,YDB,558,,,0.53,,,,,0.3,,,,,,,,,125
Yoshihiro Maru,2013,HIR,601,,,0.83,,,,,0.152,,,,,,,,,181
Hikaru Ito,2013,ORI,475,,,0.29,,,,,0.08,,,,,,,,,132
Kazuya Fujita,2013,RAK,536,,,0.49,,,,,0.052,,,,,,,,,106
Matt Murton,2013,HST,613,,,0.52,,,,,0.17,,,,,,,,,148
Eiichi Koyano,2013,NHF,559,,,0.34,,,,,0.066,,,,,,,,,96
T-Okada,2014,ORI,533,,,0.35,,,,,0.212,,,,,,,,,134
Hector Luna,2014,CND,527,,,0.52,,,,,0.184,,,,,,,,,89
Aarom Baldiris,2014,YDB,510,,,0.65,,,,,0.182,,,,,,,,,132
Mauro Gomez,2014,HST,616,,,0.40,,,,,0.209,,,,,,,,,138
Yasuyuki Kataoka,2014,YOM,484,,,0.57,,,,,0.089,,,,,,,,,135
Sho Nakata,2014,NHF,602,,,0.65,,,,,0.186,,,,,,,,,110
Takumi Kuriyama,2014,SEI,642,,,0.96,,,,,0.096,,,,,,,,,132
Kenta Imamiya,2014,FSH,662,,,0.39,,,,,0.067,,,,,,,,,122
Katsuya Kakunaka,2014,LOT,544,,,1.15,,,,,0.124,,,,,,,,,172
Wladimir Balentien,2014,YAK,446,,,0.79,,,,,0.287,,,,,,,,,80
Wily Mo Pena,2014,ORI,572,,,0.48,,,,,0.231,,,,,,,,,86
Masahiko Morino,2014,CND,588,,,1.05,,,,,0.144,,,,,,,,,106
Takayuki Kajitani,2014,YDB,609,,,0.52,,,,,0.175,,,,,,,,,73
Takashi Toritani,2014,HST,644,,,1.09,,,,,0.102,,,,,,,,,90
Takuya Nakashima,2014,NHF,461,,,0.47,,,,,0.039,,,,,,,,,127
Andruw Jones,2014,RAK,581,,,0.84,,,,,0.205,,,,,,,,,151
Seiichi Uchikawa,2014,FSH,534,,,0.71,,,,,0.168,,,,,,,,,129
Luis Cruz,2014,LOT,478,,,0.38,,,,,0.181,,,,,,,,,102
Yuhei Takai,2014,YAK,597,,,0.47,,,,,0.188,,,,,,,,,163
Yoshio Itoi,2014,ORI,590,,,0.96,,,,,0.193,,,,,,,,,110
Masahiro Araki,2014,CND,471,,,0.62,,,,,0.061,,,,,,,,,136
Takehiro Ishikawa,2014,YDB,539,,,0.33,,,,,0.097,,,,,,,,,131
Yamato Maeda,2014,HST,481,,,0.54,,,,,0.055,,,,,,,,,86
Esteban German,2014,ORI,595,,,0.57,,,,,0.096,,,,,,,,,118
Ginji Akaminai,2014,RAK,509,,,0.96,,,,,0.083,,,,,,,,,127
Yuki Yanagita,2014,FSH,615,,,0.55,,,,,0.135,,,,,,,,,77
Toshiaki Imae,2014,LOT,478,,,0.53,,,,,0.133,,,,,,,,,163
Hayato Sakamoto,2014,YOM,616,,,0.63,,,,,0.141,,,,,,,,,139
Ryosuke Hirata,2014,CND,488,,,0.83,,,,,0.121,,,,,,,,,120
Ernesto Mejia,2014,SEI,450,,,0.29,,,,,0.29,,,,,,,,,110
Yoshitomo Tsutsugo,2014,YDB,461,,,0.47,,,,,0.229,,,,,,,,,105
Brad Eldred,2014,HIR,505,,,0.24,,,,,0.284,,,,,,,,,123
Keiichi Hirano,2014,ORI,517,,,0.67,,,,,0.051,,,,,,,,,117
Kazuo Matsui,2014,RAK,488,,,0.46,,,,,0.14,,,,,,,,,102
Yuya Hasegawa,2014,FSH,541,,,0.57,,,,,0.114,,,,,,,,,68
Hisayoshi Chono,2014,YOM,523,,,0.56,,,,,0.148,,,,,,,,,115
Daikan Yo,2014,NHF,540,,,0.42,,,,,0.202,,,,,,,,,106
Yohei Oshima,2014,CND,642,,,0.77,,,,,0.048,,,,,,,,,109
Hideto Asamura,2014,SEI,501,,,0.47,,,,,0.143,,,,,,,,,102
Kazuhiro Hatakeyama,2014,YAK,464,,,0.67,,,,,0.171,,,,,,,,,118
Ryosuke Kikuchi,2014,HIR,654,,,0.30,,,,,0.131,,,,,,,,,105
Ryoichi Adachi,2014,ORI,601,,,0.73,,,,,0.097,,,,,,,,,149
Kazuya Fujita,2014,RAK,579,,,0.29,,,,,0.048,,,,,,,,,109
Hiroki Uemoto,2014,HST,600,,,0.72,,,,,0.115,,,,,,,,,141
Shinnosuke Abe,2014,YOM,526,,,0.75,,,,,0.176,,,,,,,,,97
Haruki Nishikawa,2014,NHF,637,,,0.45,,,,,0.124,,,,,,,,,167
Akira Nakamura,2014,FSH,638,,,0.97,,,,,0.074,,,,,,,,,135
Shogo Akiyama,2014,SEI,561,,,0.71,,,,,0.101,,,,,,,,,149
Shingo Kawabata,2014,YAK,637,,,0.69,,,,,0.116,,,,,,,,,109
Yoshihiro Maru,2014,HIR,644,,,1.05,,,,,0.181,,,,,,,,,134
Takero Okajima,2014,RAK,618,,,0.80,,,,,0.099,,,,,,,,,144
Matt Murton,2014,HST,591,,,0.72,,,,,0.139,,,,,,,,,102
Shuichi Murata,2014,YOM,575,,,0.47,,,,,0.154,,,,,,,,,73
Keiji Obiki,2014,NHF,512,,,0.52,,,,,0.086,,,,,,,,,125
Takeya Nakamura,2014,SEI,466,,,0.64,,,,,0.322,,,,,,,,,69
Dae-Ho Lee,2014,FSH,625,,,0.47,,,,,0.154,,,,,,,,,87
Tetsuto Yamada,2014,YAK,685,,,0.78,,,,,0.215,,,,,,,,,146
Daichi Suzuki,2014,LOT,610,,,0.79,,,,,0.098,,,,,,,,,117
"Arai, Takahiro",2015,C,480,10,15.2,0.66,0.275,0.348,0.385,0.733,0.11,3.4,0.314,-2.2,0.5,55.1,10.2,0.341,130.6,111
"Kuriyama, Takumi",2015,L,622,11.6,14.1,0.82,0.268,0.358,0.371,0.73,0.103,2.3,0.303,3.4,0.2,71.3,5.8,0.337,131.6,107
"Tanaka, Kosuke",2015,C,590,5.8,17.8,0.32,0.274,0.325,0.413,0.737,0.138,5,0.327,3.8,-1.5,65.8,10.7,0.337,130,111
"Tanaka, Kensuke",2015,F,596,9.6,9.7,0.98,0.284,0.354,0.352,0.705,0.068,3.7,0.312,3.8,0.5,67.2,4.5,0.335,131,104
"Uchikawa, Seiichi",2015,H,585,7.7,9.4,0.82,0.284,0.34,0.395,0.735,0.112,2.1,0.296,-1.2,0.2,65.3,3.7,0.333,130.6,108
"Chono, Hisayoshi",2015,G,479,7.1,16.9,0.42,0.251,0.31,0.415,0.725,0.164,3.4,0.276,-1.9,-0.2,51.2,6.4,0.331,129.8,110
"Hernandez, Anderson",2015,D,548,6.4,19.3,0.33,0.271,0.317,0.4,0.716,0.129,3.3,0.322,0.7,-0.2,57.6,6.3,0.329,127.9,108
"Suzuki, Daichi",2015,M,564,8.3,10.3,0.81,0.263,0.33,0.366,0.695,0.103,3.2,0.286,0.5,-1.6,60.4,1,0.328,130.3,99
"Uemoto, Hiroki",2015,T,452,9.7,15.3,0.64,0.253,0.338,0.339,0.677,0.085,4.3,0.301,3.9,-0.7,47,4.7,0.327,129.6,101
"Baldiris, Aarom",2015,DB,525,8.2,11.8,0.69,0.258,0.333,0.391,0.725,0.133,0.5,0.271,-8.6,-,54.1,4.9,0.326,129.8,104
"Takai, Yuhei",2015,S,585,4.6,14,0.33,0.27,0.307,0.388,0.695,0.118,4.1,0.304,-3,-0.2,59.3,4.6,0.324,131.9,94
"Asamura, Hideto",2015,L,627,11,21.7,0.51,0.27,0.362,0.385,0.747,0.115,4.1,0.334,7,-1.2,74.2,8.2,0.342,131.7,111
"Nakajima, Hiroyuki",2015,Bs,483,11,19.3,0.57,0.24,0.342,0.357,0.699,0.118,1.2,0.286,-1.2,-0.5,48.6,-2.3,0.319,131,105
"Matsui, Kazuo",2015,E,501,8.6,16.4,0.52,0.256,0.324,0.366,0.69,0.11,4.4,0.292,-0.7,1.7,48.6,-4.1,0.315,131,95
"Murton, Matt",2015,T,583,5.3,13.2,0.4,0.276,0.316,0.375,0.691,0.099,1,0.305,0.4,-0.4,54.9,0.4,0.314,130.1,101
"Cruz, Luis",2015,M,532,4.5,12.4,0.36,0.255,0.289,0.401,0.691,0.146,1.3,0.264,1.1,-,51.1,-4.8,0.313,130.9,93
"Fujita, Kazuya",2015,E,451,6.2,6.7,0.93,0.27,0.326,0.349,0.676,0.079,3.4,0.277,1.6,0.3,43.3,-4.2,0.313,130.6,90
"Adachi, Ryoichi",2015,Bs,593,8.1,11.5,0.71,0.239,0.31,0.348,0.658,0.109,4.2,0.255,4.3,-2.6,54.6,-7.8,0.308,130.7,89
"Oshima, Yohei",2015,D,620,6.3,10.5,0.6,0.26,0.313,0.342,0.655,0.081,5.5,0.285,5,0.9,53.1,-4.9,0.303,132,91
"Kikuchi, Ryosuke",2015,C,644,4.5,14.3,0.32,0.254,0.292,0.343,0.636,0.089,4.9,0.291,0.8,0,50.2,-10,0.293,128.7,79
"Imamiya, Kenta",2015,H,530,6.4,15.7,0.41,0.228,0.279,0.326,0.605,0.098,3.7,0.261,3.8,-0.6,39,-16.8,0.284,129.7,69
"Goto, Mitsutaka",2015,E,444,2.7,10.8,0.25,0.237,0.265,0.346,0.611,0.109,3.3,0.247,0.7,-0.6,31.3,-15.4,0.28,130.8,68
"Nakamura, Yuhei",2015,S,502,8,15.9,0.5,0.231,0.299,0.276,0.575,0.045,2.1,0.276,-1,-0.2,32.5,-14.5,0.276,131.5,61
"Sumitani, Ginjiro",2015,L,443,3.6,19.6,0.18,0.211,0.247,0.281,0.528,0.07,1.2,0.258,-2.7,-,20.8,-25.8,0.25,131.7,40
"Nakashima, Takuya",2015,F,617,10.7,15.1,0.71,0.264,0.35,0.287,0.637,0.023,5.6,0.322,6,3.3,61.3,-3.6,0.318,130.9,87
"Sakamoto, Hayato",2015,G,558,11.6,14.2,0.82,0.269,0.353,0.401,0.754,0.132,3.8,0.298,2.2,0.3,65,12.8,0.343,128.9,120
"Yanagita, Yuki",2015,H,605,14.5,16.7,0.87,0.363,0.469,0.631,1.101,0.269,4.9,0.402,3.6,2.6,139.2,75.5,0.487,130.3,217
"Toritani, Takashi",2015,T,646,13.8,11.9,1.16,0.281,0.38,0.367,0.747,0.085,3.8,0.316,2.4,-0.6,78.8,18.4,0.351,130.2,124
"Yamada, Tetsuto",2015,S,646,12.5,17.2,0.73,0.329,0.416,0.61,1.027,0.282,5.9,0.353,6.5,4.4,128.2,67.8,0.45,132.1,192
"Akiyama, Shogo",2015,L,675,8.9,11.6,0.77,0.359,0.419,0.522,0.941,0.163,5.9,0.395,11.3,-3.2,122.4,51.4,0.424,131.7,167
"Tsutsugo, Yoshitomo",2015,DB,568,12,17.3,0.69,0.317,0.4,0.522,0.922,0.206,1.5,0.354,0.2,-,96.5,43.4,0.413,130.6,163
"Nakamura, Takeya",2015,L,599,11.4,28.7,0.4,0.278,0.367,0.559,0.926,0.28,1.7,0.343,2.1,0.2,100.6,37.6,0.407,132.3,157
"Kiyota, Ikuhiro",2015,M,548,9.9,17,0.58,0.317,0.387,0.503,0.89,0.186,4.5,0.366,1.7,0.3,89.5,31.8,0.401,131.6,158
"Kondo, Kensuke",2015,F,504,11.7,11.7,1,0.326,0.405,0.467,0.872,0.14,3.8,0.359,-0.2,0.3,82,28.9,0.4,131.3,152
"Lee, Dae-Ho",2015,H,584,10.6,18.7,0.57,0.282,0.368,0.524,0.892,0.241,0.9,0.303,-4.4,-0.4,92.7,31.3,0.395,129.2,155
"Pena, Wily Mo",2015,E,492,14.2,22.6,0.63,0.268,0.396,0.448,0.845,0.18,1.6,0.331,-4.3,-0.9,77.8,26,0.394,131.1,147
"Matsuda, Nobuhiro",2015,H,603,10,22.4,0.44,0.287,0.357,0.533,0.889,0.246,3.4,0.318,1.9,-2.2,93.8,30.4,0.391,130.8,151
"Lopez, Jose",2015,DB,565,7.8,14.5,0.54,0.291,0.347,0.496,0.843,0.205,1.7,0.303,-7.6,-0.2,85.1,32.3,0.388,130.3,138
"Kawabata, Shingo",2015,S,632,6.8,11.4,0.6,0.336,0.383,0.439,0.822,0.103,2.9,0.372,0.7,-0.4,89.9,30.8,0.377,127,133
"Hatakeyama, Kazuhiro",2015,S,584,10.6,15.8,0.67,0.268,0.344,0.471,0.815,0.203,0.9,0.276,-2.5,-,81.5,26.8,0.373,132.2,130
"Mejia, Ernesto",2015,L,525,8.6,29.1,0.29,0.235,0.307,0.471,0.778,0.237,0.7,0.285,-3.2,-,63.7,8.5,0.346,131.6,115
"Fukudome, Kosuke",2015,T,569,11.4,13.2,0.87,0.281,0.361,0.463,0.824,0.182,1.9,0.292,-1.3,-0.5,78.2,24.9,0.37,129.8,143
"Kajitani, Takayuki",2015,DB,578,9.3,22.8,0.41,0.275,0.342,0.425,0.767,0.15,5.1,0.345,3.9,0.1,70.6,16.6,0.351,130,117
"Laird, Brandon",2015,F,554,7.8,23.3,0.33,0.231,0.301,0.488,0.789,0.257,2.3,0.239,-3.3,0.2,69.5,11.2,0.352,130.7,124
"Luna, Hector",2015,D,564,10.1,13.7,0.74,0.292,0.367,0.397,0.764,0.105,4.1,0.329,0.6,1.9,69.6,16.8,0.352,131.3,125
"Mori, Tomoya",2015,L,531,8.3,26.9,0.31,0.287,0.357,0.468,0.825,0.181,1.6,0.375,-2.1,-1.4,74.6,18.8,0.371,132.2,130
"Itoi, Yoshio",2015,Bs,565,12.7,13.8,0.92,0.262,0.366,0.413,0.78,0.151,3.1,0.282,-2.9,0.5,72.7,13.2,0.356,130.7,128
"Nishikawa, Haruki",2015,F,521,11.5,18.8,0.61,0.276,0.368,0.391,0.759,0.115,7.6,0.345,1.8,2.7,66.1,11.3,0.353,130.8,121
"Gomez, Mauro",2015,T,601,12,22.3,0.54,0.271,0.364,0.423,0.787,0.152,0.6,0.333,-5.4,-0.4,75.8,19.6,0.356,129.8,135
"Kakunaka, Katsuya",2015,M,484,9.7,10.7,0.9,0.293,0.363,0.405,0.768,0.112,4.9,0.321,2.4,-0.1,63.6,12.7,0.359,130.6,123
"Nakata, Sho",2015,F,611,10.5,19.6,0.53,0.263,0.339,0.479,0.817,0.215,1.6,0.283,-6.5,0.2,80.8,16.5,0.36,131.3,131
"Maru, Yoshihiro",2015,C,633,14.8,22.6,0.66,0.249,0.361,0.413,0.774,0.164,3.9,0.304,0.1,0.1,84,24.7,0.364,129.3,125
"Hirata, Ryosuke",2015,D,559,11.4,15.4,0.74,0.283,0.369,0.43,0.799,0.147,4.4,0.321,-2.3,-0.6,75.9,23.6,0.368,130,137
"Nakamura, Akira",2015,H,590,11.2,8,1.4,0.3,0.386,0.35,0.735,0.049,2.6,0.328,-1.6,-0.2,76,14,0.356,128.8,115
"Nakata, Sho",2016,F,624,7.5,20.2,0.37,0.25,0.308,0.431,0.738,0.181,2,0.277,-4.6,-0.1,68.8,2.5,0.332,132.8,108
"Oshima, Yohei",2016,D,656,7,10.5,0.67,0.292,0.348,0.382,0.73,0.09,6.5,0.326,0.8,-0.4,73.2,5.3,0.333,130.7,108
"Sakaguchi, Tomotaka",2016,S,607,10.4,10.9,0.95,0.295,0.375,0.34,0.716,0.046,4.4,0.333,-0.3,-0.4,70.6,7.8,0.339,132.6,99
"Suzuki, Daichi",2016,M,583,8.6,9.6,0.89,0.285,0.356,0.389,0.745,0.104,3,0.307,1.5,0.1,68.8,6.8,0.342,132.8,114
"Matsuda, Nobuhiro",2016,H,609,7.9,23.2,0.34,0.259,0.325,0.467,0.792,0.208,4.3,0.299,3.9,-1.3,79.3,14.6,0.358,132,123
"Kawabata, Shingo",2016,S,458,7.4,6.8,1.1,0.302,0.354,0.367,0.721,0.064,3,0.323,-0.8,0.5,55.5,8.1,0.346,131.9,97
"Mogi, Eigoro",2016,E,481,6.2,19.8,0.32,0.278,0.33,0.408,0.738,0.13,6.4,0.343,1.9,0.2,59.2,8,0.349,132.2,109
"Tanaka, Kosuke",2016,C,679,11.3,17.5,0.65,0.265,0.367,0.372,0.739,0.107,5.1,0.313,4,-2.6,84.7,14.5,0.35,131.1,109
"Kuwahara, Masayuki",2016,DB,522,7.3,17.8,0.41,0.284,0.356,0.413,0.769,0.13,5.2,0.335,-0.4,-1.1,67.2,13.2,0.355,130.5,113
"Tanaka, Kensuke",2016,F,626,11,8.9,1.23,0.272,0.361,0.312,0.674,0.041,4,0.298,3.7,0.4,68,1.4,0.33,132.4,96
"Gomez, Mauro",2016,T,554,8.7,23.5,0.37,0.255,0.325,0.428,0.753,0.173,1.8,0.301,-2.7,-0.1,66.2,8.8,0.343,131.4,112
"Takayama, Shun",2016,T,530,5.1,20.6,0.25,0.275,0.316,0.391,0.707,0.115,4,0.337,2.2,-0.7,56.6,1.8,0.327,131.3,99
"Nishino, Masahiro",2016,Bs,610,9.2,9,1.02,0.264,0.335,0.331,0.666,0.067,5.7,0.29,3.5,0.6,59.6,-5.3,0.316,131.4,93
"Okajima, Takero",2016,E,485,9.5,10.1,0.94,0.252,0.338,0.345,0.683,0.093,3.7,0.272,-1.5,-2.3,50.8,-0.8,0.325,132,95
"Akaminai, Ginji",2016,E,497,12.3,9.9,1.24,0.274,0.369,0.333,0.702,0.059,1.6,0.303,-1,-0.2,50.8,-2.1,0.322,132.1,101
"Toritani, Takashi",2016,T,533,14.1,15,0.94,0.236,0.344,0.323,0.667,0.087,3.8,0.269,-1.5,0.9,52.9,-2.3,0.317,131.6,94
"Kaneko, Yuji",2016,L,520,7.7,13.3,0.58,0.265,0.331,0.311,0.642,0.046,6.8,0.309,6.3,1.7,51.3,-4,0.317,132.2,80
"Imamiya, Kenta",2016,H,590,8,14.6,0.55,0.245,0.312,0.37,0.682,0.125,5.4,0.276,3.5,-0.3,58.1,-4.6,0.317,131.4,92
"Adachi, Ryoichi",2016,Bs,488,8.6,10.9,0.79,0.273,0.344,0.323,0.667,0.05,3.2,0.309,1.4,-1.3,47.5,-4.4,0.316,131.5,93
"Kuramoto, Toshihiko",2016,DB,566,3.9,17.3,0.22,0.294,0.323,0.343,0.665,0.049,2,0.356,-4,-0.8,53.6,-4.9,0.312,131.1,80
"Donoue, Naomichi",2016,D,507,5.3,13.6,0.39,0.254,0.298,0.362,0.66,0.107,2.5,0.287,-0.3,-0.2,44.7,-7.8,0.303,131.1,85
"Nakashima, Takuya",2016,F,600,10.5,19.5,0.54,0.243,0.333,0.268,0.601,0.025,4.9,0.322,4.4,0.2,51.9,-11.9,0.302,132.3,75
"Fujita, Kazuya",2016,E,449,4.2,9.8,0.43,0.265,0.297,0.321,0.618,0.056,3.1,0.294,-1.7,-0.2,32.9,-14.8,0.284,131.8,71
"Kobayashi, Seiji",2016,G,458,7.9,16.6,0.47,0.204,0.276,0.269,0.544,0.065,2.1,0.241,-1.3,-0.1,25.2,-22.2,0.26,130.8,49
"Kuriyama, Takumi",2016,L,569,14.6,15.3,0.95,0.279,0.39,0.369,0.759,0.09,1.6,0.333,-1.5,-,74.2,13.7,0.358,132.2,118
"Chono, Hisayoshi",2016,G,618,5.3,12.6,0.42,0.283,0.326,0.403,0.729,0.12,4.1,0.31,-4.2,0.5,65.5,1.6,0.326,131.5,102
"Uchikawa, Seiichi",2016,H,605,6.3,8.8,0.72,0.304,0.345,0.435,0.781,0.131,1.9,0.306,-0.7,-0.3,79.3,15,0.359,131.8,119
"Yoh, Dai-kang",2016,F,555,7.6,21.8,0.35,0.293,0.359,0.43,0.79,0.137,2.7,0.363,-0.2,-1.5,73,13.9,0.359,132.6,125
"Jones, Garrett",2016,G,465,8.4,22.8,0.37,0.258,0.327,0.486,0.813,0.227,1.3,0.291,0,-0.4,62.5,14.4,0.363,131.6,126
"Suzuki, Seiya",2016,C,528,10,15,0.67,0.335,0.404,0.612,1.015,0.277,5.8,0.352,-2.1,-1.5,109.6,55,0.457,131.5,181
"Yamada, Tetsuto",2016,S,590,16.4,17.1,0.96,0.304,0.425,0.607,1.032,0.304,6.1,0.312,0.5,3.9,120.8,59.8,0.453,132.2,179
"Yanagita, Yuki",2016,H,536,18.7,18.1,1.03,0.306,0.446,0.523,0.969,0.217,6.2,0.361,6,2.7,103.8,46.8,0.44,131.2,181
"Sakamoto, Hayato",2016,G,576,14.1,11.6,1.21,0.344,0.433,0.555,0.988,0.211,4.8,0.359,-0.4,0.9,109.6,50,0.435,131.3,176
"Kakunaka, Katsuya",2016,M,607,11.2,10.5,1.06,0.339,0.417,0.461,0.877,0.122,4.7,0.37,-0.9,0.3,97,32.4,0.396,132.6,154
"Balentien, Wladimir",2016,S,537,13.4,21.6,0.62,0.269,0.369,0.516,0.885,0.247,0.9,0.292,-1.4,-0.4,85.3,29.7,0.394,132.9,139
"Maru, Yoshihiro",2016,C,652,12.9,16.4,0.79,0.291,0.389,0.481,0.87,0.19,6.6,0.328,3.1,0.3,103.3,35.8,0.394,131.3,143
"Tsutsugo, Yoshitomo",2016,DB,561,15.5,18.7,0.83,0.322,0.43,0.68,1.11,0.358,2.6,0.332,-2.2,-0.4,125.9,67.8,0.479,132.1,200
"Itoi, Yoshio",2016,Bs,616,12.2,13.6,0.89,0.306,0.398,0.451,0.849,0.145,5.1,0.337,1.9,1.7,94,28.5,0.387,131.6,146
"Arai, Takahiro",2016,C,513,10.5,19.7,0.53,0.3,0.372,0.485,0.857,0.185,2.1,0.346,0.8,-0.4,77.9,24.8,0.385,130.4,137
"Kajitani, Takayuki",2016,DB,450,10.9,24.4,0.45,0.273,0.359,0.48,0.838,0.207,7,0.336,5,1.4,67.5,21,0.383,132,131
"Wheeler, Zelous",2016,E,589,9.8,20.9,0.47,0.265,0.351,0.478,0.829,0.213,2.7,0.298,-2.7,-0.1,87,24.4,0.38,131.8,136
"Asamura, Hideto",2016,L,611,6.2,17.7,0.35,0.309,0.357,0.51,0.867,0.201,2.7,0.343,2.8,-1,95,30,0.39,132.6,140
"Mejia, Ernesto",2016,L,583,10.1,25.4,0.4,0.252,0.333,0.509,0.842,0.256,1.5,0.281,-2.8,-0.2,83.8,21.8,0.375,132.5,130
"Murata, Shuichi",2016,G,576,6.6,14.4,0.46,0.302,0.354,0.505,0.858,0.202,1.1,0.319,-3.7,-0.9,84.7,25.1,0.379,131.7,139
"Lopez, Jose",2016,DB,518,4.6,14.5,0.32,0.263,0.299,0.534,0.833,0.271,1.5,0.244,-4.8,-,71.1,17.5,0.366,131.3,124
"Okada, Takahiro",2016,Bs,513,9.2,20.5,0.45,0.284,0.357,0.471,0.828,0.187,2.6,0.326,-3.2,0.4,70.1,15.6,0.366,131.6,131
"Akiyama, Shogo",2016,L,671,11.5,15.4,0.75,0.296,0.385,0.422,0.807,0.126,5.2,0.34,11.5,0.5,92.9,21.6,0.369,132.6,127
"Kikuchi, Ryosuke",2016,C,640,6.3,16.6,0.38,0.315,0.358,0.432,0.79,0.117,4.9,0.367,8.4,0.2,89.5,23.3,0.37,130.1,119
"Hirata, Ryosuke",2016,D,494,14.6,18,0.81,0.248,0.358,0.411,0.769,0.163,3,0.281,2.6,-0.1,67.4,16.3,0.365,131.2,121
"Nishikawa, Haruki",2016,F,593,12.3,19.1,0.65,0.314,0.405,0.398,0.802,0.083,6.5,0.398,5,4.3,83.2,20.1,0.371,132,135
"Nakamura, Akira",2016,H,612,16.2,8.7,1.87,0.287,0.416,0.377,0.793,0.09,2.6,0.308,-0.6,-0.9,85.9,20.8,0.371,130.9,133
"Despaigne, Alfredo",2016,M,570,11.2,15.6,0.72,0.28,0.361,0.48,0.841,0.2,1.8,0.295,-3,-1.1,80.6,20,0.372,132.9,140
"Vicied, Dayan",2016,D,471,9.3,14.4,0.65,0.274,0.352,0.486,0.838,0.212,2,0.28,2.6,0.2,67.4,18.7,0.374,131.1,132
"Fukudome, Kosuke",2016,T,523,11.7,14.9,0.78,0.311,0.392,0.453,0.845,0.141,2,0.351,-0.3,-0.4,75.2,21,0.375,131,139
"Laird, Brandon",2016,F,598,7.4,23.1,0.32,0.263,0.319,0.516,0.835,0.252,0.8,0.281,-5.2,-,83.7,20.1,0.37,133,136
"Kikuchi, Ryosuke",2017,C,629,5.1,17,0.3,0.271,0.311,0.405,0.716,0.135,4.5,0.312,4.5,-1.2,72.6,6.6,0.334,131.4,98
"Shimauchi, Hiroaki",2017,E,577,11.1,11.6,0.96,0.265,0.352,0.391,0.743,0.126,2.7,0.281,-1.7,-1.7,67.6,6.3,0.338,133.4,113
"Imamiya, Kenta",2017,H,623,6.1,14.9,0.41,0.264,0.317,0.422,0.739,0.158,6.7,0.296,4.1,0.9,73.4,7.1,0.338,132.4,110
"Akaminai, Ginji",2017,E,590,9.5,12.5,0.76,0.293,0.362,0.367,0.728,0.074,1.9,0.335,3.1,-0.1,69.6,6.9,0.339,133.8,109
"Nakajima, Hiroyuki",2017,Bs,489,9.4,19,0.49,0.285,0.36,0.392,0.752,0.107,0.5,0.341,-3.4,-,58.4,6.5,0.341,132.8,117
"Chono, Hisayoshi",2017,G,516,8.9,19,0.47,0.261,0.334,0.421,0.755,0.16,4.1,0.3,-2.5,0.9,62.1,8,0.341,130.2,109
"Kuwahara, Masayuki",2017,DB,664,6.8,17.5,0.39,0.269,0.332,0.415,0.747,0.145,4.6,0.316,4.1,-2.4,80.2,10.5,0.341,131,105
"Suzuki, Daichi",2017,M,588,9.4,14.5,0.65,0.26,0.35,0.398,0.748,0.138,3.8,0.291,1.4,-0.9,70.9,8.4,0.342,133.8,117
"Nakatani, Masahiro",2017,T,455,7.9,21.1,0.38,0.241,0.308,0.443,0.751,0.202,3.2,0.265,-0.8,0,55.4,7.7,0.342,132.4,111
"Oshima, Yohei",2017,D,521,7.1,12.7,0.56,0.313,0.365,0.387,0.752,0.074,5,0.356,-0.7,1.4,62.1,7.5,0.339,131.9,116
"Amador, Japhet",2017,E,460,8.5,22.2,0.38,0.237,0.304,0.424,0.729,0.187,0.4,0.259,-7.7,-0.4,51.1,2.2,0.33,132.7,104
"Kobayashi, Seiji",2017,G,443,9.3,14.4,0.64,0.206,0.285,0.257,0.542,0.05,2.2,0.241,-2.6,0.3,25.2,-21.3,0.259,131.2,51
"Nakamura, Akira",2017,H,600,11.2,9.5,1.18,0.27,0.355,0.35,0.705,0.08,2.5,0.291,1.4,-1.3,65.1,1.3,0.326,132.6,103
"Ota, Taishi",2017,F,457,6.1,19.3,0.32,0.258,0.302,0.417,0.719,0.159,2.9,0.291,-1.2,0,49.3,0.7,0.326,133.7,103
"Abe, Shinnosuke",2017,G,512,8,13.1,0.61,0.262,0.329,0.389,0.718,0.127,0.7,0.274,-4.8,-0.4,54.7,1,0.323,132.4,98
"Tonosaki, Shuta",2017,L,489,6.7,22.3,0.3,0.258,0.315,0.39,0.706,0.132,6.6,0.32,6.5,2.4,51.4,-0.6,0.322,133.9,96
"Nakata, Sho",2017,F,542,11.3,19,0.59,0.216,0.31,0.367,0.676,0.15,1.3,0.241,0.3,-0.4,53,-4.6,0.313,133.2,94
"Genda, Sosuke",2017,L,647,5.6,15.5,0.36,0.27,0.317,0.351,0.669,0.082,8.1,0.319,7.7,2.1,61.7,-7,0.31,133.8,85
"Koyano, Eiichi",2017,Bs,506,5.5,11.9,0.47,0.277,0.32,0.349,0.669,0.072,1.2,0.305,-2.6,-,46.5,-7.3,0.305,131.4,90
"Kyoda, Yota",2017,D,602,3,17.4,0.17,0.264,0.297,0.355,0.652,0.09,6.7,0.318,3.4,-1.1,54.8,-8.4,0.303,132.3,84
"Nakamura, Yuhei",2017,S,486,8.6,13.4,0.65,0.243,0.324,0.325,0.649,0.081,3.4,0.277,3.7,0,43.9,-7.2,0.302,133.1,73
"Matsumoto, Go",2017,F,448,4.7,13.6,0.34,0.274,0.314,0.353,0.667,0.08,3.2,0.312,3,-0.2,39.9,-7.8,0.301,133.6,88
"Kuramoto, Toshihiko",2017,DB,539,3.3,18.9,0.18,0.262,0.292,0.331,0.624,0.069,3,0.324,1.6,0.1,41.6,-15,0.285,131.5,69
"Kajitani, Takayuki",2017,DB,578,10.7,27.2,0.39,0.243,0.327,0.427,0.754,0.184,5.8,0.307,4.8,2.2,71.2,10.6,0.344,133.3,106
"Uebayashi, Seiji",2017,H,453,5.3,21.2,0.25,0.26,0.302,0.434,0.736,0.173,5.8,0.308,0.4,-2.5,49.2,1,0.326,133,101
"Laird, Brandon",2017,F,571,9.5,21.9,0.43,0.229,0.308,0.459,0.767,0.231,0.9,0.235,-2.3,-,69.9,9.2,0.344,131.2,117
"Sakaguchi, Tomotaka",2017,S,607,9.7,12.5,0.78,0.29,0.364,0.35,0.713,0.06,2.5,0.33,-0.1,-0.4,68.8,5.1,0.332,133.1,96
"Nakamura, Takeya",2017,L,486,12.6,24.3,0.52,0.217,0.319,0.446,0.765,0.229,2.3,0.228,1.8,0.2,60.8,9.2,0.348,133.9,112
"Abe, Tomohiro",2017,C,455,5.9,20.7,0.29,0.31,0.354,0.4,0.754,0.09,6.3,0.392,-1.4,0.9,57.1,9.4,0.347,131.1,111
"Yanagita, Yuki",2017,H,551,16.2,22.3,0.72,0.31,0.426,0.589,1.016,0.279,4,0.359,5.1,-0.4,108.4,49.8,0.441,133.4,183
"Akiyama, Shogo",2017,L,659,10.9,14.7,0.74,0.322,0.398,0.536,0.933,0.214,5.5,0.348,4.7,0.6,115.3,45.3,0.412,134.1,161
"Suzuki, Seiya",2017,C,512,12.1,15.6,0.78,0.3,0.389,0.547,0.936,0.247,4.6,0.311,3.6,0.3,90,36.3,0.412,132.6,159
"Maru, Yoshihiro",2017,C,651,12.7,17.4,0.73,0.308,0.398,0.505,0.903,0.198,5.1,0.347,4.3,0.9,110.2,41.9,0.404,130.7,153
"Tsutsugo, Yoshitomo",2017,DB,601,15.5,19.1,0.81,0.284,0.396,0.513,0.909,0.229,1.8,0.317,-5.3,0.2,100.7,37.6,0.402,133.1,149
"McGehee, Casey",2017,G,586,9.9,18.3,0.54,0.315,0.382,0.514,0.897,0.199,2.7,0.366,-2.8,0.3,96.7,35.2,0.398,132.2,147
"Mogi, Eigoro",2017,E,450,10,18.7,0.54,0.296,0.37,0.497,0.867,0.201,3.4,0.339,1.3,-0.3,70.8,23,0.39,132.2,147
"Balentien, Wladimir",2017,S,519,13.5,21.6,0.63,0.254,0.358,0.506,0.864,0.252,1.2,0.268,-0.9,-0.4,81.6,27.1,0.388,132.7,133
"Okada, Takahiro",2017,Bs,593,14,23.8,0.59,0.266,0.374,0.488,0.862,0.222,1.9,0.309,0.9,-0.1,92.6,29.6,0.388,133.4,149
"Lopez, Jose",2017,DB,606,4.5,13.2,0.34,0.301,0.33,0.533,0.863,0.232,1.1,0.302,-0.1,-,94.3,30.7,0.386,132.6,133
"Itoi, Yoshio",2017,T,493,12,12.6,0.95,0.29,0.381,0.447,0.829,0.157,4,0.306,0.5,1.1,76.2,24.5,0.385,132.2,138
"Miyazaki, Toshiro",2017,DB,523,7.3,9,0.81,0.323,0.377,0.479,0.856,0.156,1.1,0.334,-8.2,-,80.5,25.6,0.384,133,135
"Guerrero, Alex",2017,D,510,4.7,19.2,0.24,0.279,0.333,0.563,0.896,0.284,2.8,0.284,-2.2,0.2,82.4,28.9,0.394,132.8,153
"Peguero, Carlos",2017,E,517,9.7,26.9,0.36,0.281,0.356,0.49,0.846,0.21,2.6,0.349,-1.7,-0.3,77.9,22.9,0.381,133,140
"Kakunaka, Katsuya",2017,M,452,13.7,9.7,1.41,0.269,0.375,0.397,0.772,0.128,4.3,0.285,0,0.6,57.2,9.1,0.35,134.2,124
"Despaigne, Alfredo",2017,H,545,10.8,21.8,0.5,0.262,0.347,0.513,0.859,0.251,2,0.275,-8.2,0.1,82.2,24.2,0.381,132.2,143
"Matsuda, Nobuhiro",2017,H,577,7.5,22.2,0.34,0.264,0.319,0.458,0.777,0.194,4.6,0.304,1.3,0,73.5,12.1,0.351,132.9,119
"Uemoto, Hiroki",2017,T,488,10.2,14.5,0.7,0.284,0.366,0.403,0.769,0.12,4.8,0.323,4.4,2.1,62.7,11.4,0.351,132.4,121
"Toritani, Takashi",2017,T,570,13.5,10.9,1.24,0.293,0.39,0.377,0.767,0.084,3.3,0.328,-0.7,-1.2,77.8,17.9,0.361,132.8,122
"Yamada, Tetsuto",2017,S,624,14.6,21.2,0.69,0.247,0.364,0.435,0.799,0.188,3.9,0.286,-1.3,0.7,87.2,21.7,0.366,133.7,119
"Asamura, Hideto",2017,L,633,7,15.2,0.46,0.291,0.347,0.453,0.799,0.162,3.2,0.318,2.8,0.4,86.4,19.1,0.363,134.1,123
"Fukudome, Kosuke",2017,T,526,14.6,17.5,0.84,0.263,0.373,0.444,0.818,0.181,2.8,0.293,1,-0.6,76.6,21.4,0.373,132.5,134
"Tanaka, Kosuke",2017,C,679,13.1,17.7,0.74,0.29,0.398,0.407,0.805,0.117,6.2,0.354,4.1,0.8,99.2,27.9,0.374,130.8,130
"Sakamoto, Hayato",2017,G,614,11.1,13.8,0.8,0.291,0.372,0.43,0.802,0.139,3.7,0.321,1.2,0,90.4,25.9,0.375,132.2,123
"Wheeler, Zelous",2017,E,605,8.3,16.2,0.51,0.271,0.342,0.493,0.835,0.221,2.8,0.279,-4.7,0,89.6,25.3,0.378,133.5,135
"Nishikawa, Haruki",2017,F,623,11.1,16.5,0.67,0.296,0.378,0.416,0.794,0.12,7,0.35,5.5,4.1,86.5,20.3,0.366,133,133
"Tanaka, Kazuki",2018,E,465,8,21.7,0.37,0.265,0.323,0.423,0.746,0.158,5.4,0.308,0.3,0.9,56.7,4.7,0.34,132.8,106
"Romero, Stefen",2018,Bs,501,8.4,22.8,0.37,0.237,0.313,0.451,0.765,0.214,3.7,0.258,0,0.3,59.2,3.1,0.335,133.2,110
"Suzuki, Daichi",2018,M,558,7.9,9.9,0.8,0.266,0.346,0.398,0.744,0.132,4.4,0.283,-4.2,-0.3,66.7,4.3,0.337,132.6,109
"Tanaka, Kosuke",2018,C,675,11.1,17.5,0.64,0.262,0.362,0.383,0.745,0.121,7.1,0.312,5.5,0.5,79.6,3,0.337,131.3,104
"Nakata, Sho",2018,F,599,7.2,13.5,0.53,0.265,0.316,0.463,0.778,0.198,1.1,0.264,-1,-0.4,74.1,7.1,0.342,133.3,113
"Nakamura, Akira",2018,H,580,10.3,11.7,0.88,0.292,0.369,0.435,0.804,0.142,1.6,0.312,-5.1,-0.2,78.8,13.9,0.357,133.9,123
"McGehee, Casey",2018,G,547,7.5,16.8,0.45,0.285,0.336,0.467,0.803,0.182,2.3,0.309,-3.5,0.3,70.3,8.3,0.35,130.6,110
"Nakamura, Shogo",2018,M,639,9.4,14.7,0.64,0.284,0.374,0.393,0.767,0.109,5.5,0.327,1.2,0.2,84.1,12.6,0.352,132.8,118
"Itohara, Kento",2018,T,637,13.5,11.5,1.18,0.286,0.39,0.362,0.752,0.075,3.9,0.328,-1.1,-0.5,84.1,11.9,0.355,129.6,110
"Uebayashi, Seiji",2018,H,608,4.9,19.2,0.26,0.27,0.315,0.488,0.803,0.218,7,0.306,3,0.4,82.2,14.2,0.356,133.6,119
"Imae, Toshiaki",2018,E,465,6.9,16.3,0.42,0.276,0.334,0.397,0.731,0.121,2.1,0.313,-1.3,-1.1,52.3,0.3,0.328,133.1,100
"Noma, Takayoshi",2018,C,447,6.7,15.4,0.43,0.286,0.343,0.393,0.736,0.106,7,0.333,4.3,-0.8,54.6,3.9,0.342,131.1,99
"Fukuda, Nobumasa",2018,D,487,7.6,24.4,0.31,0.261,0.322,0.405,0.727,0.143,1.5,0.326,0.6,-,53.8,-1.5,0.327,131.5,97
"Kyoda, Yota",2018,D,632,3,17.6,0.17,0.235,0.266,0.306,0.572,0.071,6.8,0.283,5.7,-0.3,39.4,-32.3,0.267,131.9,53
"Genda, Sosuke",2018,L,666,7.2,15.2,0.48,0.278,0.333,0.374,0.707,0.096,7.8,0.325,4.9,2,72.2,-2.3,0.323,133.6,94
"Kamei, Yoshiyuki",2018,G,461,7.8,15.2,0.51,0.254,0.315,0.393,0.708,0.14,2.8,0.276,1.4,0.6,49,-3.3,0.322,130.6,86
"Akaminai, Ginji",2018,E,552,8.7,8.5,1.02,0.276,0.344,0.36,0.704,0.083,2.8,0.296,-1.2,-0.2,59.2,-2.5,0.321,133.2,96
"Umeno, Ryutaro",2018,T,455,8.6,14.7,0.58,0.259,0.328,0.396,0.724,0.137,3.5,0.295,-0.3,0.5,47.7,-3.9,0.321,132.2,95
"Ohshima, Yohei",2018,D,645,7.3,12.4,0.59,0.274,0.329,0.367,0.697,0.094,6.4,0.304,2.6,0.2,66.3,-6.9,0.318,132.3,89
"Takahashi, Shuhei",2018,D,477,6.3,18.7,0.34,0.254,0.305,0.4,0.704,0.145,1.4,0.295,3.1,-,47.9,-6.2,0.315,132.4,90
"Kikuchi, Ryosuke",2018,C,642,7.9,17.3,0.46,0.233,0.301,0.355,0.656,0.122,4.8,0.27,3,0.9,61.7,-11.2,0.309,133.8,75
"Nishiura, Naomichi",2018,S,550,7.3,16,0.45,0.242,0.309,0.363,0.673,0.121,1.8,0.276,-0.6,-0.6,51.5,-10.9,0.306,132.8,74
"Tamura, Tatsuhiro",2018,M,476,8.4,14.3,0.59,0.239,0.309,0.328,0.636,0.089,4.3,0.277,-0.9,-0.7,43.5,-9.7,0.301,132.4,78
"Nakashima, Takuya",2018,F,449,7.8,19.6,0.4,0.261,0.321,0.312,0.633,0.051,7,0.333,0.7,2.4,39.7,-10.5,0.297,133,79
"Fujioka, Yudai",2018,M,611,7.2,15.9,0.45,0.23,0.294,0.305,0.599,0.075,4.8,0.272,3.4,-2.8,44.2,-24.1,0.277,133.2,66
"Takai, Yuhei",2018,S,482,6.8,12.9,0.53,0.318,0.365,0.439,0.805,0.121,3.2,0.349,-1.5,0.6,65,10.3,0.358,133.7,107
"Adachi, Ryoichi",2018,Bs,514,4.9,12.5,0.39,0.219,0.261,0.277,0.538,0.058,5.6,0.246,2.5,1.1,27,-30.4,0.252,133,45
"Kakunaka, Katsuya",2018,M,470,10.2,13.4,0.76,0.265,0.345,0.382,0.727,0.117,2.7,0.294,0.9,-0.7,51.5,-1,0.324,133,103
"Matsuda, Nobuhiro",2018,H,580,9.7,19.5,0.5,0.248,0.324,0.485,0.81,0.238,3.1,0.256,-0.8,-0.7,80.4,15.5,0.361,134.3,121
"Laird, Brandon",2018,F,505,8.7,24.6,0.35,0.233,0.309,0.447,0.756,0.213,1.6,0.26,-5.1,-0.4,61.4,5,0.339,133.3,107
"Nishikawa, Haruki",2018,F,636,15.1,16.2,0.93,0.278,0.391,0.405,0.796,0.127,7.4,0.329,1.7,5.3,89.8,18.7,0.364,133.2,130
"Mori, Tomoya",2018,L,552,12.7,19,0.67,0.275,0.366,0.457,0.823,0.182,3.8,0.318,-2.9,0.3,76.8,15,0.361,134.3,125
"Yanagita, Yuki",2018,H,550,11.3,19.1,0.59,0.352,0.431,0.661,1.092,0.309,6,0.386,-0.4,0.5,124.9,63.4,0.472,134.1,201
"Maru, Yoshihiro",2018,C,566,23,23,1,0.306,0.468,0.627,1.096,0.322,2.8,0.352,-0.8,-2,126.9,62.7,0.471,134.1,189
"Suzuki, Seiya",2018,C,520,16.9,22.3,0.76,0.32,0.438,0.618,1.057,0.299,3.2,0.374,0.2,-0.8,109.7,50.7,0.454,133.4,180
"Soto, Neftali",2018,DB,459,6.3,21.8,0.29,0.31,0.364,0.644,1.008,0.334,1.4,0.314,-1.3,-0.4,91.2,39.1,0.439,132.8,159
"Viciedo, Dayan",2018,D,582,8.8,10.5,0.84,0.348,0.419,0.555,0.974,0.207,2.4,0.354,-1.4,-0.9,113.5,47.4,0.434,131.6,165
"Tsutsugoh, Yoshitomo",2018,DB,580,13.8,18.4,0.75,0.295,0.393,0.596,0.989,0.301,1.2,0.306,-0.8,-,109.4,43.6,0.426,131.5,152
"Yamakawa, Hotaka",2018,L,647,13.6,21.3,0.64,0.281,0.396,0.59,0.985,0.309,1.9,0.293,-5.3,-,122.8,50.4,0.425,134,169
"Yoshida, Masataka",2018,Bs,598,11.5,12.4,0.93,0.321,0.403,0.553,0.956,0.232,2.7,0.329,1.1,0.1,111.2,44.3,0.42,133.4,164
"Sakamoto, Hayato",2018,G,502,12.2,16.5,0.73,0.345,0.424,0.537,0.962,0.193,4.2,0.394,2.8,-0.3,92.2,35.2,0.42,130.7,153
"Okamoto, Kazuma",2018,G,616,11.7,19.5,0.6,0.309,0.394,0.541,0.935,0.231,1.8,0.346,-2.2,0,112.1,42.2,0.418,130.5,148
"Akiyama, Shogo",2018,L,685,11.2,14,0.8,0.323,0.403,0.534,0.937,0.211,5.6,0.353,3.8,-1.5,120.5,43.9,0.408,133.4,158
"Miyazaki, Toshiro",2018,DB,590,6.4,7.6,0.84,0.318,0.363,0.532,0.894,0.214,1,0.308,-1.1,-,98.2,31.2,0.398,132.6,133
"Asamura, Hideto",2018,L,640,10.6,16.4,0.65,0.31,0.383,0.527,0.91,0.218,2.8,0.33,-0.2,-0.2,107.5,35.9,0.398,133.8,148
"Yamada, Tetsuto",2018,S,637,16.6,18.7,0.89,0.315,0.432,0.582,1.014,0.267,6.8,0.35,1.9,3.9,127.3,55,0.44,133.3,162
"Aoki, Norichika",2018,S,567,9,8.5,1.06,0.327,0.409,0.475,0.884,0.147,3.2,0.346,0.5,-0.9,93.3,29,0.396,133.2,133
"Itoi, Yoshio",2018,T,509,15.1,12.4,1.22,0.308,0.42,0.48,0.9,0.172,4,0.328,-1.6,2.5,83.9,26.2,0.396,131.8,145
"Despaigne, Alfredo",2018,H,469,11.7,19.8,0.59,0.238,0.333,0.494,0.826,0.256,1.6,0.236,-4.7,-,66.9,14.5,0.366,133.6,126
"Lopez, Jose",2018,DB,459,3.5,12.6,0.28,0.288,0.314,0.517,0.831,0.229,0.6,0.282,-3.9,-,64.1,12.1,0.364,130.6,114
"Shimauchi, Hiroaki",2018,E,453,10.4,9.9,1.04,0.292,0.373,0.431,0.805,0.14,4.4,0.305,-1.6,-0.2,66,15.4,0.37,133.2,126
"Tonosaki, Shuta",2018,L,510,9.2,20,0.46,0.287,0.357,0.472,0.83,0.185,5.7,0.335,1.3,0.3,75,18,0.371,133.5,128
"Fukudome, Kosuke",2018,T,499,14.6,18,0.81,0.28,0.389,0.454,0.843,0.174,2.7,0.322,-2.1,0,75.2,18.6,0.378,132.5,129
"Sakaguchi, Tomotaka",2018,S,595,12.6,10.1,1.25,0.317,0.406,0.394,0.8,0.077,3.7,0.353,4.3,-1,84.4,16.8,0.367,133,112
"Almonte, Zoilo",2018,D,546,8.1,17.4,0.46,0.321,0.375,0.486,0.861,0.165,1.4,0.371,1.7,-0.2,85.4,23.5,0.386,132,135
"Inoue, Seiya",2018,M,548,11.5,19.3,0.59,0.292,0.374,0.506,0.88,0.214,2.1,0.327,-0.2,0.1,88.6,27.3,0.39,133.1,146
"Kondoh, Kensuke",2018,F,555,15.7,16.2,0.97,0.323,0.427,0.457,0.884,0.134,3.7,0.38,-2.1,0.7,90.8,28.8,0.392,133.3,147
"Hirata, Ryosuke",2018,D,568,11.8,12.1,0.97,0.329,0.41,0.456,0.866,0.128,4.5,0.366,6.5,-1.2,92.1,27.7,0.393,131.6,139
"Balentien, Wladimir",2018,S,602,14.1,20.1,0.7,0.268,0.37,0.533,0.904,0.265,1.1,0.279,-0.2,-0.2,98.5,30.2,0.395,133.6,131
"Matsuyama, Ryuhei",2018,C,446,9.4,10.3,0.91,0.302,0.368,0.466,0.834,0.164,2.7,0.314,-4,0.3,67.4,16.8,0.379,134.1,121
"Murakami, Munetaka",2019,S,593,12.5,31,0.4,0.231,0.332,0.481,0.814,0.25,2.3,0.279,2,-0.7,81.7,16.5,0.359,133.9,114
"Shimauchi, Hiroaki",2019,E,585,9.9,11.1,0.89,0.287,0.372,0.407,0.779,0.121,3.5,0.313,-4.4,-0.9,79.8,13.8,0.355,132.6,122
"Nishikawa, Haruki",2019,F,651,14.3,17.1,0.84,0.288,0.393,0.385,0.779,0.097,5.9,0.354,5.9,1.4,88.4,15,0.354,132.6,125
"Mogi, Eigoro",2019,E,648,10.2,18.7,0.55,0.282,0.358,0.421,0.779,0.139,4.8,0.337,5.8,-0.6,87.9,14.8,0.354,132.4,120
"Kamei, Yoshiyuki",2019,G,503,8.9,18.1,0.49,0.284,0.346,0.44,0.786,0.156,4.7,0.328,0.5,1.1,64.3,9,0.346,134.4,110
"Takahashi, Shuhei",2019,D,471,6.8,14.9,0.46,0.293,0.345,0.43,0.776,0.137,3.9,0.336,-2.6,-1,59.8,8,0.345,133.4,113
"Ohta, Taishi",2019,F,594,4.5,18.7,0.24,0.289,0.325,0.451,0.776,0.162,3.6,0.327,0.6,0.3,76,9,0.344,132.4,116
"Ohshima, Yohei",2019,D,623,8,12.5,0.64,0.312,0.376,0.38,0.756,0.068,5.8,0.356,7.4,2.2,78.6,10.1,0.344,133.2,114
"Miyazaki, Toshiro",2019,DB,473,6.8,7.4,0.91,0.284,0.334,0.443,0.777,0.159,1.5,0.278,-3.5,-,59.7,7.6,0.344,133.5,108
"Nakata, Sho",2019,F,514,10.7,16.1,0.66,0.242,0.329,0.449,0.778,0.207,0.9,0.245,-4.3,-,65.5,7.6,0.344,132.6,115
"Kikuchi, Ryosuke",2019,C,619,6.6,16.5,0.4,0.261,0.313,0.406,0.719,0.144,4.9,0.3,4.6,0.4,71.5,3.4,0.331,133.9,97
"Akaminai, Ginji",2019,E,590,8.8,9.8,0.9,0.304,0.37,0.382,0.752,0.078,1.8,0.334,-6,-1.5,75,8.4,0.343,132.8,113
"Nakamura, Yuhei",2019,S,450,11.8,14.2,0.83,0.269,0.373,0.384,0.757,0.116,2.4,0.311,1.4,-1.3,56,6.5,0.342,133.5,106
"Matsuda, Nobuhiro",2019,H,576,5.7,20,0.29,0.26,0.305,0.483,0.788,0.223,3.1,0.277,-1.6,-0.2,72.2,7.3,0.341,134.5,113
"Kai, Takuya",2019,H,454,11,25.1,0.44,0.26,0.346,0.387,0.733,0.127,2.9,0.341,0.3,0.1,56.1,4.9,0.339,133.6,105
"Lopez, Jose",2019,DB,597,6.5,17.9,0.36,0.241,0.295,0.461,0.756,0.22,1.2,0.245,-4,-,68.8,3.2,0.331,133.5,99
"Wheeler, Zelous",2019,E,472,9.1,20.3,0.45,0.243,0.32,0.418,0.738,0.175,1.9,0.265,-5.6,-1.3,54.9,1.7,0.33,132.9,104
"Abe, Toshiki",2019,D,484,6.4,16.9,0.38,0.291,0.337,0.405,0.742,0.114,3,0.342,2.1,0.2,55.2,2,0.329,133,105
"Kamizato, Kazuki",2019,DB,458,5.7,26.4,0.21,0.279,0.323,0.407,0.731,0.129,5.6,0.377,4.7,-1.3,51.4,1.1,0.327,133.3,96
"Itoi, Yoshio",2019,T,444,11.7,14.2,0.83,0.314,0.403,0.416,0.819,0.102,3.2,0.363,-3.1,-0.4,62,13.1,0.361,132.8,127
"Nishikawa, Ryoma",2019,C,585,5.5,13.8,0.4,0.297,0.336,0.441,0.777,0.144,3.4,0.323,0.2,-1.7,73.5,9.2,0.344,133.7,111
"Okamoto, Kazuma",2019,G,628,9.9,21,0.47,0.265,0.343,0.485,0.828,0.22,2.7,0.294,0.2,0.5,88.2,19.2,0.362,133.9,121
"Tsutsugoh, Yoshitomo",2019,DB,557,15.8,25.3,0.62,0.272,0.388,0.511,0.899,0.239,1,0.327,-3.3,-,91,29.7,0.391,134.1,137
"Inoue, Seiya",2019,M,509,13.2,19.3,0.68,0.252,0.362,0.462,0.824,0.21,1.3,0.271,-0.9,-,73.3,15.9,0.365,132.8,132
"Suzuki, Seiya",2019,C,612,16.8,13.2,1.27,0.335,0.453,0.565,1.018,0.23,3.9,0.354,5.6,-2,126.6,59.4,0.445,133.9,178
"Sakamoto, Hayato",2019,G,639,12.1,19.2,0.63,0.312,0.396,0.575,0.971,0.263,2.6,0.338,-0.1,-0.3,121.7,51.4,0.424,134,158
"Yoshida, Masataka",2019,B,610,13,10.5,1.23,0.322,0.413,0.543,0.956,0.221,3.4,0.321,-1.9,0.5,114,45.2,0.418,133.1,165
"Mori, Tomoya",2019,L,573,12.6,15.5,0.81,0.329,0.413,0.547,0.959,0.217,3.3,0.36,5.2,-0.2,106.9,42.3,0.418,134.1,165
"Yamada, Tetsuto",2019,S,641,17.2,18.9,0.91,0.271,0.401,0.56,0.961,0.288,6.8,0.287,-4.6,4.2,118.2,47.7,0.417,133.8,153
"Blash, Jabari",2019,E,527,15.4,29.8,0.52,0.261,0.397,0.54,0.936,0.279,1.3,0.326,-0.6,-0.7,94.6,35.2,0.409,132.7,162
"Yamakawa, Hotaka",2019,L,626,13.7,22.7,0.61,0.256,0.372,0.54,0.912,0.284,1.8,0.266,-2.5,0.2,108.8,38.2,0.402,134,149
"Balentien, Wladimir",2019,S,468,11.5,25,0.46,0.28,0.363,0.554,0.917,0.273,1.2,0.312,-0.6,-0.4,80.4,29,0.401,133.9,141
"Soto, Neftali",2019,DB,584,10.1,16.8,0.6,0.269,0.348,0.554,0.902,0.285,1,0.253,-3.2,-,97.5,33.3,0.395,134,139
"Maru, Yoshihiro",2019,G,631,13.6,19.8,0.69,0.292,0.388,0.495,0.884,0.204,3.5,0.331,-5.1,0.1,102.6,33.2,0.39,134,137
"Akiyama, Shogo",2019,L,678,11.5,15.9,0.72,0.303,0.392,0.471,0.864,0.168,4.7,0.343,1.2,-0.8,111.2,34.8,0.39,134,142
"Asamura, Hideto",2019,E,635,14.6,25.5,0.57,0.263,0.372,0.507,0.878,0.244,2.6,0.309,-0.7,-0.2,102.9,31.3,0.387,133.1,142
"Nakamura, Takeya",2019,L,557,9.7,22.1,0.44,0.286,0.359,0.528,0.887,0.242,1.8,0.324,-5.6,0,88.9,26.1,0.384,133.9,142
"Aoki, Norichika",2019,S,565,10.8,12.7,0.85,0.297,0.385,0.442,0.826,0.145,2.6,0.319,4.9,-0.6,88.6,26.5,0.383,133.4,123
"Despaigne, Alfredo",2019,H,519,12.1,22.9,0.53,0.259,0.355,0.52,0.875,0.261,0.7,0.27,-6,-0.4,82.1,23.6,0.382,134.2,141
"Viciedo, Dayan",2019,D,594,6.9,14.8,0.47,0.315,0.374,0.496,0.87,0.182,1.5,0.346,-3.9,-0.1,92.5,27.1,0.381,133.1,139
"Ogino, Takashi",2019,M,569,7,9.8,0.71,0.315,0.371,0.47,0.842,0.156,6.6,0.336,6.7,1.2,89,24.8,0.38,132.6,136
"Kondoh, Kensuke",2019,F,600,17.2,13.5,1.27,0.302,0.422,0.4,0.822,0.098,3.2,0.354,-1.7,-1.3,93.4,25.8,0.379,133,140
"Tonosaki, Shuta",2019,L,621,10.1,21.3,0.48,0.274,0.353,0.493,0.846,0.22,6.8,0.315,4.7,1.6,94.2,24.2,0.374,133.2,133
"Aizawa, Tsubasa",2019,C,447,13,18.1,0.72,0.277,0.387,0.439,0.826,0.162,2.3,0.325,-5.6,-0.1,66.3,17.2,0.372,134.1,130
"Suzuki, Daichi",2019,M,614,9.1,12.2,0.75,0.288,0.373,0.454,0.826,0.165,3.6,0.312,2.6,0.2,91.7,22.4,0.371,133.8,134
"Laird, Brandon",2019,M,553,9.9,23.1,0.43,0.248,0.333,0.483,0.815,0.234,0.6,0.27,-4.6,-,78.9,16.5,0.363,133.1,126
"Umeno, Ryutaro",2019,T,492,6.9,16.9,0.41,0.266,0.326,0.393,0.718,0.127,5.1,0.308,0.8,1.1,54.8,0.7,0.326,133.5,96
"Itohara, Kento",2019,T,572,10.5,12.2,0.86,0.267,0.353,0.336,0.689,0.069,4,0.306,1.1,-0.9,63.2,0.3,0.325,132.7,94
"Ohyama, Yusuke",2019,T,587,6.6,16.7,0.4,0.258,0.312,0.401,0.714,0.143,2.6,0.291,-0.1,0.5,63.6,-1,0.322,133.4,96
"Takai, Yuhei",2019,S,493,7.5,14.4,0.52,0.273,0.327,0.396,0.723,0.123,2.5,0.297,-0.5,-0.5,54,-0.2,0.324,134,90
"Kyoda, Yota",2019,D,574,6.4,15.9,0.41,0.249,0.302,0.314,0.615,0.065,5.2,0.296,3.5,0.1,44.7,-18.4,0.284,133.4,71
"Uchikawa, Seiichi",2019,H,535,5.2,9.2,0.57,0.256,0.296,0.37,0.666,0.114,2.5,0.262,-2.1,0.5,48.3,-12,0.298,134,79
"Kaneko, Yuji",2019,L,524,9.4,15.5,0.6,0.251,0.324,0.292,0.616,0.041,5.7,0.296,3.1,3.4,47.8,-11.3,0.299,133.4,73
"Fukuda, Shuhei",2019,B,583,10.6,9.8,1.09,0.25,0.342,0.309,0.651,0.059,5.9,0.278,2.1,0.1,55.4,-10.3,0.304,133,108
"Maeda, Yamato",2019,DB,490,6.9,15.3,0.45,0.237,0.3,0.285,0.585,0.048,3.3,0.285,0.8,0.1,36.1,-17.8,0.279,133.1,60
"Genda, Sosuke",2019,L,609,6.6,11,0.6,0.274,0.324,0.35,0.674,0.076,7.3,0.308,5.2,1.9,59,-9.7,0.306,133.4,86
"Kuriyama, Takumi",2019,L,466,10.3,21.5,0.48,0.252,0.333,0.355,0.687,0.103,0.7,0.315,-1.9,-,46.6,-5.9,0.31,133.9,91
"Chikamoto, Koji",2019,T,640,4.8,17.2,0.28,0.271,0.313,0.375,0.689,0.104,7,0.319,5.9,0.2,66.3,-4.1,0.316,133,88
"Nakamura, Shogo",2019,M,586,9,16.4,0.55,0.232,0.317,0.375,0.692,0.143,3.5,0.254,2.9,-0.1,61.9,-4.1,0.317,133.2,94
"Watanabe, Ryo",2019,F,543,8.8,22.1,0.4,0.262,0.333,0.385,0.718,0.123,3.4,0.324,-3.4,-0.7,59.6,-1.7,0.322,132.3,103
"Fukuda, Shuhei",2019,B,583,10.6,9.8,1.09,0.25,0.342,0.309,0.651,0.059,5.9,0.278,2.1,0.1,55.4,-10.3,0.304,133,88
"Tonosaki, Shuta",2020,L,500,10.8,17.4,0.62,0.247,0.335,0.353,0.688,0.106,5.3,0.291,2.2,0.4,58,3.3,0.329,133.8,97
"Watanabe, Ryo",2020,F,465,9.2,17.4,0.53,0.283,0.348,0.377,0.725,0.094,4.1,0.336,0.2,-0.2,54.1,3.2,0.33,134.4,110
"Tanaka, Kosuke",2020,C,454,12.1,18.9,0.64,0.251,0.351,0.37,0.721,0.119,5.4,0.302,-0.3,0,52.8,3.1,0.332,133.7,100
"Inoue, Seiya",2020,M,447,13.2,20.8,0.63,0.245,0.356,0.394,0.749,0.149,0.8,0.283,2.1,-,55.3,6.4,0.339,133.8,115
"Shimauchi, Hiroaki",2020,E,471,10.2,15.1,0.68,0.281,0.363,0.392,0.755,0.111,4.2,0.32,2.4,1,59.8,8.2,0.343,134.2,118
"Viciedo, Dayan",2020,D,462,7.4,10.4,0.71,0.267,0.329,0.447,0.776,0.181,2.1,0.26,-4.6,-0.2,57.5,7,0.342,132.6,112
"Yamada, Tetsuto",2020,S,384,12.5,21.6,0.58,0.254,0.346,0.419,0.766,0.165,4.1,0.303,3.7,0,48.2,6.2,0.343,134.4,104
"Dohbayashi, Shota",2020,C,451,9.1,20.2,0.45,0.279,0.35,0.436,0.787,0.157,4.2,0.329,-2.5,1.6,56.8,7.5,0.344,134.1,108
"Ohta, Taishi",2020,F,481,5.2,21.8,0.24,0.275,0.314,0.407,0.721,0.132,2.8,0.33,-0.8,-0.7,55,2.4,0.327,134.2,108
"Bour, Justin",2020,T,379,11.9,23.2,0.51,0.243,0.338,0.422,0.76,0.179,0.7,0.279,-3.8,-0.2,46.3,4.9,0.339,134.3,107
"Abe, Toshiki",2020,D,459,6.5,20,0.33,0.257,0.306,0.409,0.715,0.152,1.8,0.299,-3.5,-1.1,51.6,1.4,0.327,132.9,97
"Matsuyama, Ryuhei",2020,C,425,4,16.9,0.24,0.277,0.306,0.416,0.722,0.139,1.6,0.316,-3.1,-0.4,42.4,-4.1,0.312,133.4,93
"Yoshikawa, Naoki",2020,G,389,7.7,15.4,0.5,0.274,0.336,0.398,0.734,0.124,4.9,0.311,0.6,0.9,43.5,1,0.327,133.7,97
"Kurihara, Ryoya",2020,H,500,7.6,18,0.42,0.243,0.307,0.42,0.727,0.177,3.6,0.265,2.1,-1.2,55.7,1,0.324,134,104
"Nakamura, Akira",2020,H,413,9.4,11.4,0.83,0.271,0.341,0.367,0.709,0.097,2.1,0.292,-2.4,-,45.9,0.7,0.323,134.5,102
"Mori, Tomoya",2020,L,405,9.4,16.5,0.57,0.251,0.325,0.38,0.705,0.128,3.7,0.283,1.1,-0.2,43.3,-1.1,0.318,134.5,100
"Sakaguchi, Tomotaka",2020,S,458,10.3,13.1,0.78,0.246,0.334,0.354,0.688,0.108,2.9,0.268,-1.8,-1.1,47.3,-2.8,0.316,134.4,86
"Okada, Takahiro",2020,B,377,10.6,23.1,0.46,0.256,0.34,0.457,0.797,0.201,2.2,0.296,-0.3,-0.4,48.8,7.5,0.346,134.4,119
"Genda, Sosuke",2020,L,518,7.3,15.4,0.48,0.27,0.327,0.33,0.656,0.059,6.3,0.324,9.6,-0.4,50.9,-5.8,0.307,134.4,86
"Yasuda, Hisanori",2020,M,460,13.5,23,0.58,0.221,0.326,0.321,0.647,0.099,2,0.284,-3.5,-0.1,42.8,-7.5,0.301,133.7,86
"Matsuda, Nobuhiro",2020,H,431,7.4,17.6,0.42,0.228,0.285,0.382,0.668,0.154,2.8,0.249,1,0.1,39.1,-8,0.298,134.7,87
"Kyoda, Yota",2020,D,491,5.5,16.3,0.34,0.247,0.298,0.348,0.647,0.102,5.6,0.291,0.5,0,41.8,-11.9,0.294,132.8,78
"Escobar, Alcides",2020,S,402,3.2,12.9,0.25,0.273,0.312,0.329,0.641,0.056,2.9,0.313,0.4,-1.5,32.9,-11.1,0.289,133.9,67
"Nakamura, Shogo",2020,M,499,10.4,19.4,0.54,0.249,0.341,0.365,0.706,0.116,3.1,0.304,1.5,-0.3,56.8,2.2,0.327,133.3,103
"Kobukata, Hiroto",2020,E,437,9.6,13.5,0.71,0.288,0.364,0.381,0.745,0.093,6.4,0.333,5.8,-1,57.3,9.4,0.348,134.2,116
"Suzuki, Daichi",2020,E,546,8.4,10.6,0.79,0.295,0.363,0.381,0.744,0.086,2.4,0.327,-2.7,-1,66.9,7.2,0.337,134,115
"Chikamoto, Koji",2020,T,519,5.8,11.8,0.49,0.293,0.344,0.416,0.759,0.122,7.2,0.321,2.1,2.7,67.5,10.8,0.349,134.1,109
"Ohshima, Yohei",2020,D,525,9,9.7,0.92,0.316,0.382,0.381,0.763,0.065,4.5,0.351,3.1,0,68.2,10.8,0.349,132.7,118
"Yanagita, Yuki",2020,H,515,16.3,20,0.82,0.342,0.449,0.623,1.071,0.281,5.3,0.393,3,0.3,115.8,59.4,0.464,134.2,202
"Murakami, Munetaka",2020,S,515,16.9,22.3,0.76,0.307,0.427,0.585,1.012,0.278,3.8,0.362,2,0.2,101,44.7,0.431,134.4,166
"Aoki, Norichika",2020,S,425,14.6,12,1.22,0.317,0.424,0.557,0.981,0.241,2.6,0.329,0.2,0,82.2,35.7,0.427,134,162
"Yoshida, Masataka",2020,B,492,14.6,5.9,2.48,0.35,0.453,0.512,0.966,0.162,2.6,0.35,-1.9,-0.8,95.3,41.5,0.425,133.6,173
"Suzuki, Seiya",2020,C,514,14,14.2,0.99,0.3,0.409,0.544,0.953,0.244,3.7,0.31,2.8,-0.4,97.5,41.3,0.423,134.3,159
"Asamura, Hideto",2020,E,529,17.2,21,0.82,0.28,0.408,0.56,0.969,0.28,1.4,0.306,-0.7,-0.2,100.2,42.3,0.42,134.7,176
"Sano, Keita",2020,DB,451,9.3,12.9,0.72,0.328,0.395,0.532,0.927,0.204,1,0.343,-5.2,-,79.8,30.5,0.407,134.1,150
"Maru, Yoshihiro",2020,G,491,12.8,20.6,0.62,0.284,0.375,0.553,0.928,0.27,3.2,0.313,2.4,0,85.8,32.1,0.404,134.5,147
"Kajitani, Takayuki",2020,DB,482,9.3,17.6,0.53,0.323,0.387,0.527,0.913,0.203,4.7,0.366,7.1,-0.4,83.8,31.1,0.403,133.2,145
"Ohyama, Yusuke",2020,T,471,8.7,20.4,0.43,0.288,0.357,0.56,0.918,0.272,3.8,0.313,1.8,-0.9,80.4,28.9,0.399,134.5,149
"Okamoto, Kazuma",2020,G,500,11,17,0.65,0.275,0.362,0.545,0.907,0.27,2.6,0.278,0,0.4,83.9,29.2,0.396,134.4,143
"Romero, Stefen",2020,E,404,9.4,26.7,0.35,0.272,0.354,0.539,0.893,0.267,1.8,0.323,-1.3,-,66.9,22.7,0.39,134.7,151
"Kondoh, Kensuke",2020,F,467,19.1,15.4,1.24,0.34,0.465,0.469,0.934,0.129,3,0.405,0,0.6,87.7,36.6,0.418,134,176
"Nishikawa, Haruki",2020,F,523,17.6,16.1,1.1,0.306,0.43,0.396,0.825,0.09,6.5,0.369,1.9,3.5,82.8,25.6,0.382,134.5,146
"Soto, Neftali",2020,DB,480,9.2,21.5,0.43,0.252,0.323,0.47,0.793,0.217,1.2,0.272,-5.2,-,62.5,10,0.349,133.9,112
"Martin, Leonys",2020,M,448,15.6,22.3,0.7,0.234,0.382,0.485,0.866,0.251,3.4,0.25,1.3,0.3,73.5,24.5,0.389,133.6,146
"Kuriyama, Takumi",2020,L,428,12.4,18,0.69,0.272,0.362,0.427,0.79,0.156,0.6,0.312,-1.2,-,57.5,10.6,0.352,134.3,125
"Kikuchi, Ryosuke",2020,C,429,8.2,15.9,0.51,0.271,0.334,0.423,0.757,0.152,3.9,0.308,2.1,-0.2,57.1,10.2,0.353,133.8,107
"Spangenberg, Cory",2020,L,445,7.2,33.7,0.21,0.268,0.326,0.482,0.807,0.214,6.5,0.385,-1.3,1,60.9,12.2,0.355,134.2,128
"Yamakawa, Hotaka",2020,L,401,16,24.9,0.64,0.205,0.357,0.45,0.807,0.245,0.7,0.21,-1.9,-,55.6,11.7,0.357,134.7,129
"Takahashi, Shuhei",2020,D,438,8.9,16,0.56,0.305,0.368,0.426,0.794,0.122,2,0.353,1.7,-0.2,59.4,11.5,0.356,132.6,119
"Sands, Jerry",2020,T,443,13.8,23.9,0.58,0.257,0.363,0.451,0.814,0.194,1.7,0.307,-2.2,0,61.4,13,0.36,134.6,125
"Miyazaki, Toshiro",2020,DB,460,5.2,6.3,0.83,0.301,0.341,0.464,0.805,0.163,1.3,0.296,-0.6,-,64.9,14.6,0.363,133.8,115
"Sakamoto, Hayato",2020,G,479,12.9,17.7,0.73,0.289,0.379,0.5,0.879,0.211,3.1,0.321,0.9,0.4,74.6,22.2,0.381,134.4,134
"Nakata, Sho",2020,F,506,10.9,21.5,0.5,0.239,0.32,0.491,0.811,0.252,1.2,0.239,-4,0.1,70.3,15,0.358,134.3,128
"Nishikawa, Haruki",2021,F,547,16.3,18.1,0.9,0.233,0.362,0.318,0.68,0.085,6.1,0.289,-0.8,0,61.2,6,0.326,134.6,113
"Kozono, Kaito",2021,C,481,2.7,11.9,0.23,0.298,0.32,0.399,0.718,0.1,5.2,0.33,4.7,-0.7,51.6,2.4,0.324,133.7,100
"Nakamura, Akira",2021,H,552,12.7,10.7,1.19,0.245,0.344,0.348,0.692,0.104,2.1,0.262,0.7,-0.2,58.7,3,0.319,134,105
"Soto, Neftali",2021,DB,451,7.8,25.7,0.3,0.234,0.302,0.437,0.738,0.202,1.3,0.274,-2.4,-0.4,48.6,2.5,0.325,133.5,97
"Itohara, Kento",2021,T,488,8.4,12.5,0.67,0.286,0.347,0.351,0.698,0.066,3,0.325,-0.5,-0.7,52.9,3,0.325,132.2,100
"Sato, Teruaki",2021,T,455,5.5,38,0.14,0.238,0.284,0.466,0.749,0.228,3.4,0.335,-1.9,0.3,50,3.5,0.327,131.8,102
"Matsubara, Seiya",2021,G,477,8,21,0.38,0.274,0.333,0.422,0.756,0.148,6,0.329,4.3,0.1,56,7.2,0.337,134.5,108
"Suzuki, Daichi",2021,E,628,8.3,8.1,1.02,0.277,0.343,0.377,0.72,0.1,3.1,0.288,-0.1,-0.2,72.6,9.3,0.331,133.8,114
"Aoki, Norichika",2021,S,501,8.6,8.8,0.98,0.258,0.335,0.383,0.719,0.126,1.4,0.268,-2.2,-,57.7,6.5,0.334,133.8,99
"Nakamura, Yuhei",2021,S,445,10.3,14.8,0.7,0.279,0.36,0.358,0.718,0.08,1.8,0.329,0.2,-1.1,51.4,6,0.334,132,103
"Tatsumi, Ryosuke",2021,E,443,11.5,22.3,0.52,0.225,0.326,0.345,0.671,0.12,3.2,0.278,-1.1,-1.2,45.6,0.9,0.314,133.9,103
"Nishikawa, Ryoma",2021,C,551,6.7,12.7,0.53,0.286,0.335,0.399,0.733,0.113,2.3,0.31,0.2,-0.5,64.8,8.5,0.337,134,106
"Mune, Yuma",2021,B,543,6.1,11.4,0.53,0.272,0.335,0.393,0.728,0.121,5.7,0.296,2.4,-0.1,62.8,8,0.331,135.6,116
"Osuna, Jose",2021,S,495,4.4,16.2,0.28,0.258,0.293,0.401,0.694,0.143,3,0.286,-1.2,0.5,49.1,-1.5,0.314,132.2,88
"Umeno, Ryutaro",2021,T,458,9,23.4,0.38,0.225,0.303,0.3,0.603,0.074,4.1,0.297,-6.4,0,36.7,-10.1,0.29,134.1,75
"Fukuda, Shuhei",2021,B,471,9.1,11,0.83,0.275,0.354,0.321,0.675,0.047,4,0.311,1.6,1.1,47.6,0.1,0.312,135.5,102
"Kobukata, Hiroto",2021,E,455,9.7,14.3,0.68,0.248,0.328,0.312,0.64,0.064,4.4,0.29,2.2,-1,42.8,-3.1,0.303,133.5,92
"Genda, Sosuke",2021,L,516,6,13,0.46,0.272,0.319,0.347,0.666,0.075,7,0.312,5.8,0.7,48.4,-3.7,0.303,134.5,92
"Kuriyama, Takumi",2021,L,446,11,13,0.84,0.251,0.334,0.32,0.654,0.07,1.4,0.28,-1,0.2,41.8,-3.3,0.303,134.8,92
"Fujioka, Yudai",2021,M,493,8.1,19.3,0.42,0.255,0.32,0.338,0.658,0.083,4.5,0.319,3.1,0.6,46.1,-3.7,0.303,134.8,89
"Wu, Nien-Ting",2021,L,478,9,14.6,0.61,0.238,0.31,0.348,0.658,0.111,2.1,0.261,-1.7,-0.2,44.7,-3.6,0.303,134,91
"Kai, Takuya",2021,H,479,9.2,29.6,0.31,0.227,0.305,0.353,0.658,0.126,2.4,0.316,0.7,-1.2,44.3,-4,0.301,134.8,93
"Nakano, Takumu",2021,T,525,5.5,15.4,0.36,0.273,0.321,0.328,0.649,0.056,6.3,0.325,5,4.5,45.8,-7.9,0.299,131.7,81
"Asama, Daiki",2021,F,458,6.8,25.1,0.27,0.251,0.308,0.338,0.646,0.088,4,0.332,-0.4,-0.1,41.2,-5,0.298,134.6,91
"Takahashi, Shuhei",2021,D,520,7.7,15.2,0.51,0.259,0.315,0.347,0.663,0.088,1.6,0.299,2.8,0.2,45.1,-8.1,0.298,133.8,86
"Kyoda, Yota",2021,D,448,4.7,16.7,0.28,0.257,0.302,0.315,0.618,0.059,4.3,0.305,1.5,-0.7,37,-8.8,0.293,131.3,75
"Kurebayashi, Kotaro",2021,B,473,2.5,21.4,0.12,0.228,0.251,0.353,0.603,0.125,2.9,0.27,-0.6,0,32.5,-15.2,0.271,135.3,72
"Okajima, Takero",2021,E,507,5.5,18.5,0.3,0.28,0.331,0.414,0.745,0.134,3,0.333,-2.3,-1.7,62.7,11.5,0.341,134.2,123
"Ohshima, Yohei",2021,D,596,7,10.1,0.7,0.292,0.345,0.35,0.695,0.058,4.7,0.325,0.7,0,58.8,-2.1,0.313,133.8,97
"Nakamura, Takeya",2021,L,475,8.2,24,0.34,0.284,0.343,0.44,0.783,0.156,0.9,0.344,-1.1,-,58.8,10.9,0.341,134.9,127
"Shimauchi, Hiroaki",2021,E,599,16.2,14.5,1.11,0.257,0.385,0.477,0.863,0.22,3.1,0.271,0.4,-0.4,92.7,32.2,0.38,134.2,154
"Kikuchi, Ryosuke",2021,C,542,7.7,15.9,0.49,0.277,0.333,0.429,0.762,0.152,2.6,0.306,2.8,-1.6,67.6,12.2,0.346,133.4,115
"Suzuki, Seiya",2021,C,533,16.3,16.5,0.99,0.317,0.433,0.639,1.072,0.322,2.6,0.318,-0.9,0.2,115.3,60.8,0.462,134,199
"Yoshida, Masataka",2021,B,455,12.7,5.7,2.23,0.339,0.429,0.563,0.992,0.224,1.3,0.322,-3.4,-,87.6,41.7,0.428,135.5,192
"Murakami, Munetaka",2021,S,615,17.2,21.6,0.8,0.278,0.408,0.566,0.974,0.288,2.7,0.302,1.1,-0.4,116.3,53.4,0.427,132.4,170
"Viciedo, Dayan",2021,D,526,6.7,10.6,0.63,0.275,0.333,0.433,0.766,0.158,1.3,0.28,-4.7,-0.5,64.5,10.7,0.343,133.2,113
"Yanagita, Yuki",2021,H,593,11.6,20.6,0.57,0.3,0.388,0.541,0.929,0.24,4.3,0.345,3.3,1,103.6,43.8,0.405,134.5,172
"Mori, Tomoya",2021,L,520,15.2,12.5,1.22,0.309,0.42,0.469,0.889,0.16,3.4,0.341,0,0.1,89.9,37.4,0.403,134.4,164
"Kondoh, Kensuke",2021,F,545,16.1,15.4,1.05,0.298,0.413,0.472,0.885,0.174,3.8,0.341,4.2,0.3,91.1,36.1,0.395,134.8,168
"Maki, Shugo",2021,DB,523,5.2,16.3,0.32,0.314,0.356,0.534,0.89,0.22,3.4,0.343,2,0,85.7,32.2,0.395,132.3,147
"Yamada, Tetsuto",2021,S,581,13.1,17.2,0.76,0.272,0.37,0.515,0.885,0.243,2.3,0.273,0.6,-0.4,93.6,34.2,0.392,132.1,145
"Martin, Leonys",2021,M,499,14,26.5,0.53,0.233,0.355,0.5,0.855,0.267,2.6,0.269,2.9,0.3,77.5,27.1,0.381,135,147
"Sano, Keita",2021,DB,615,9.9,11.9,0.84,0.303,0.376,0.466,0.842,0.163,1.8,0.322,-2.9,-0.4,93.2,30.3,0.38,134.9,137
"Kuwahara, Masayuki",2021,DB,571,7.7,13.1,0.59,0.31,0.369,0.474,0.843,0.164,4.3,0.342,-1.1,-0.4,86.1,27.7,0.379,134.4,137
"Maru, Yoshihiro",2021,G,457,13.8,26.3,0.53,0.265,0.365,0.495,0.86,0.23,2.5,0.323,1.4,-0.2,68.5,21.7,0.378,134.8,138
"Sakakura, Shogo",2021,C,484,10.5,12.4,0.85,0.315,0.39,0.467,0.857,0.152,3,0.341,0.1,-0.4,72.4,22.9,0.377,134.1,143
"Sugimoto, Yutaro",2021,B,542,9.4,21.4,0.44,0.301,0.378,0.552,0.931,0.251,2.6,0.336,-0.3,-0.6,98.7,44,0.414,135.6,182
"Asamura, Hideto",2021,E,595,17,16.1,1.05,0.269,0.395,0.422,0.817,0.153,2,0.298,-1.4,0.2,89.4,29.3,0.374,134.4,149
"Sands, Jerry",2021,T,461,10.6,19.3,0.55,0.248,0.328,0.451,0.779,0.203,1.8,0.268,-1.6,-0.2,58.1,11,0.348,134,117
"Okamoto, Kazuma",2021,G,592,9.6,18.2,0.53,0.265,0.341,0.53,0.871,0.265,1.6,0.26,-9,-0.2,87.9,27.4,0.376,132.4,133
"Mogi, Eigoro",2021,E,466,10.3,23,0.45,0.259,0.343,0.427,0.77,0.168,4.2,0.316,3.6,-0.8,62.4,15.4,0.354,133.7,131
"Kurihara, Ryoya",2021,H,596,8.9,15.1,0.59,0.275,0.339,0.465,0.804,0.19,4,0.293,2,0.4,80.1,20,0.354,134.4,135
"Ogino, Takashi",2021,M,643,8.2,10.9,0.76,0.296,0.367,0.425,0.791,0.128,5.5,0.323,3.7,0,87,22.1,0.355,134.5,131
"Miyazaki, Toshiro",2021,DB,569,7.2,9.3,0.77,0.301,0.353,0.455,0.808,0.154,1,0.308,-1.6,-,75.6,17.5,0.356,132.9,123
"Ohyama, Yusuke",2021,T,512,7.2,17.4,0.42,0.26,0.313,0.453,0.765,0.193,2.7,0.275,0.8,0,64.8,12.5,0.348,132.3,117
"Nakamura, Shogo",2021,M,615,12.4,14.6,0.84,0.283,0.382,0.415,0.797,0.132,4,0.323,2,-0.6,85.1,23,0.359,134.2,133
"Chikamoto, Koji",2021,T,612,5.4,9.5,0.57,0.313,0.354,0.441,0.795,0.128,6.2,0.334,7.8,1.7,83.1,20.5,0.36,131.8,125
"Laird, Brandon",2021,M,545,9.2,20,0.46,0.262,0.33,0.478,0.809,0.216,0.8,0.277,-5.9,-0.4,76,21,0.361,134.6,130
"Sakamoto, Hayato",2021,G,487,11.9,18.5,0.64,0.271,0.359,0.467,0.826,0.196,1.5,0.303,0,-0.7,69,19.2,0.367,132.2,127
"Marte, Jefry",2021,T,526,14.1,13.7,1.03,0.258,0.367,0.451,0.818,0.193,1.1,0.263,-1.3,-,73.7,20,0.365,132.2,132
"Shiomi, Yasutaka",2021,S,534,9,29.2,0.31,0.278,0.357,0.441,0.798,0.162,7.4,0.388,3.8,1.9,71.9,17.3,0.358,134.3,120
"Kobukata, Hiroto",2022,E,479,7.7,13.6,0.57,0.267,0.328,0.342,0.67,0.075,6.4,0.308,1.1,1.3,47.4,2.3,0.313,134.1,101
"O'grady, Brian",2022,L,465,11.6,27.7,0.42,0.213,0.312,0.384,0.695,0.171,1.8,0.271,1.8,0,46.5,2.7,0.314,134.6,107
"Suzuki, Daichi",2022,E,477,8,10.9,0.73,0.257,0.344,0.341,0.685,0.083,2.2,0.282,0.8,0,48.8,3.9,0.317,132,108
"Nishikawa, Haruki",2022,E,451,15.1,22.8,0.66,0.218,0.342,0.341,0.683,0.124,6.4,0.28,1.5,0.6,48.5,6,0.324,134.1,111
"Okabayashi, Yuki",2022,D,608,4.8,11,0.43,0.291,0.329,0.373,0.702,0.081,7,0.331,8.4,2.1,65.5,6.3,0.324,133.9,107
"Yoshikawa, Naoki",2022,G,567,5.6,9.3,0.6,0.277,0.329,0.38,0.708,0.103,5.6,0.298,2.3,0.3,61.9,6.7,0.326,132.5,103
"Kiyomiya, Kotaro",2022,F,461,9.8,24.5,0.4,0.219,0.305,0.429,0.734,0.209,3.8,0.256,0.3,-1,50.9,7.5,0.328,135.2,121
"Kuwahara, Masayuki",2022,DB,529,7.9,16.8,0.47,0.257,0.322,0.354,0.676,0.097,4.2,0.308,3.6,-0.5,52.3,0.8,0.313,131.9,94
"Ohshima, Yohei",2022,D,482,7.1,10.8,0.65,0.314,0.376,0.367,0.743,0.053,3.6,0.355,6,0.5,54.2,7.3,0.33,133.8,115
"Mune, Yuma",2022,B,537,8.4,15.1,0.56,0.271,0.341,0.356,0.697,0.085,2.5,0.314,5.5,-1,56.3,5.6,0.32,135,109
"Kikuchi, Ryosuke",2022,C,522,4.6,13.4,0.34,0.262,0.3,0.359,0.659,0.097,2.5,0.296,1.7,-0.7,51.4,0.6,0.312,133,90
"Genda, Sosuke",2022,L,456,6.6,15.8,0.42,0.266,0.317,0.338,0.655,0.072,6.1,0.318,5.3,0.7,40.6,-2.4,0.3,135,98
"Takabe, Akito",2022,M,608,5.9,16.9,0.35,0.274,0.324,0.342,0.666,0.068,7.1,0.331,1.6,4.2,58.3,1,0.309,132.3,97
"Nakano, Takumu",2022,T,610,3,14.6,0.2,0.276,0.301,0.346,0.647,0.07,5.6,0.318,5,1.5,55.8,-3.5,0.303,131.9,87
"Fukuda, Shuhei",2022,B,502,6.4,10,0.64,0.268,0.328,0.319,0.647,0.051,5.6,0.302,2.1,-0.8,45.7,-1.6,0.303,135,49
"Fukuda, Shuhei",2022,B,502,6.4,10,0.64,0.268,0.328,0.319,0.647,0.051,5.6,0.302,2.1,-0.8,45.7,-1.6,0.303,135,95
"Itohara, Kento",2022,T,495,7.1,9.7,0.73,0.247,0.307,0.299,0.606,0.052,1.7,0.269,-2,-0.7,43,-5.1,0.297,132.1,77
"Tonosaki, Shuta",2022,L,547,9.5,20.7,0.46,0.215,0.295,0.356,0.65,0.14,4.4,0.256,5.3,-0.3,46.2,-5.4,0.294,134.4,98
"Kinoshita, Takuya",2022,D,466,5.8,8.2,0.71,0.246,0.289,0.341,0.63,0.095,2.5,0.255,-0.8,0.3,35.6,-9.7,0.283,134.2,82
"Nagaoka, Hideki",2022,S,548,3.6,13.1,0.28,0.241,0.273,0.337,0.61,0.096,1.8,0.263,-1,-0.7,41.4,-11.9,0.282,132.2,68
"Kurebayashi, Kotaro",2022,B,495,5.3,14.3,0.37,0.224,0.275,0.318,0.593,0.093,2.4,0.253,-2.8,-0.3,35.3,-11.3,0.277,134.8,74
"Chikamoto, Koji",2022,T,580,7.1,10.9,0.65,0.293,0.352,0.352,0.704,0.059,5.8,0.328,5.1,3.4,65.8,9.4,0.332,132.3,108
"Kozono, Kaito",2022,C,511,4.7,14.9,0.32,0.266,0.3,0.362,0.662,0.095,4.4,0.301,1,-0.3,49.5,-0.3,0.31,133.6,89
"Abe, Toshiki",2022,D,548,8.9,19.2,0.47,0.27,0.338,0.397,0.735,0.128,2.6,0.323,-6.4,0.2,62.9,9.6,0.333,133.9,118
"Matsumoto, Go",2022,F,445,7.2,9.4,0.76,0.347,0.398,0.438,0.836,0.091,4.9,0.379,3.4,1.9,63.4,21.5,0.37,132.8,151
"Nakagawa, Keita",2022,B,468,5.6,16.9,0.33,0.283,0.326,0.441,0.767,0.158,6.6,0.327,-2.4,1.2,55.5,11.4,0.338,134.7,129
"Murakami, Munetaka",2022,S,612,19.3,20.9,0.92,0.318,0.458,0.71,1.168,0.392,3.4,0.327,-1.3,-0.3,145.4,85.9,0.493,132.5,221
"Yoshida, Masataka",2022,B,508,15.7,8.1,1.95,0.335,0.447,0.561,1.008,0.226,2.5,0.328,-5.4,0.7,96.5,48.7,0.432,135,200
"Yamakawa, Hotaka",2022,L,528,12.9,21.6,0.6,0.266,0.375,0.578,0.953,0.313,0.4,0.265,-3.2,-,92.5,42.7,0.412,134.8,189
"Maki, Shugo",2022,DB,568,7.6,14.4,0.52,0.291,0.354,0.507,0.861,0.216,2.1,0.303,0.1,-0.5,86.3,31.1,0.382,132,145
"Maru, Yoshihiro",2022,G,607,13.2,14.5,0.91,0.272,0.37,0.49,0.859,0.217,2.6,0.283,0.5,-1.4,91.2,32.2,0.38,132.7,148
"Sano, Keita",2022,DB,574,7.5,9.9,0.75,0.306,0.362,0.49,0.853,0.184,2,0.31,-0.4,0,85.5,29.6,0.378,132.2,144
"Osuna, Jose",2022,S,529,5.5,17.6,0.31,0.272,0.312,0.44,0.751,0.167,2.1,0.298,-1.5,-0.7,61.1,9.6,0.334,132.5,109
"Miyazaki, Toshiro",2022,DB,482,9.1,7.3,1.26,0.3,0.365,0.47,0.835,0.171,1.2,0.296,-2.8,-,69.5,22.6,0.372,132.1,136
"Ohyama, Yusuke",2022,T,510,11.6,20.2,0.57,0.267,0.358,0.469,0.827,0.203,1.3,0.296,-0.4,-0.3,73,23.4,0.37,132,141
"Yanagita, Yuki",2022,H,491,8.8,21.6,0.41,0.275,0.344,0.485,0.829,0.211,2.3,0.308,-6.8,-0.7,69.6,23.4,0.369,134.5,147
"Shiomi, Yasutaka",2022,S,567,7.6,21.5,0.35,0.276,0.345,0.453,0.797,0.177,7,0.332,5.5,1.7,79.6,24.5,0.367,132.5,126
"Shimauchi, Hiroaki",2022,E,613,10.3,13.4,0.77,0.298,0.373,0.453,0.826,0.155,3,0.328,-9,-0.2,90.1,32.4,0.376,132.5,151
"Asamura, Hideto",2022,E,633,14.5,21.6,0.67,0.252,0.365,0.436,0.801,0.184,2,0.288,1,-0.3,84.4,24.7,0.358,132.5,142
"Viciedo, Dayan",2022,D,532,7.5,11.1,0.68,0.294,0.355,0.437,0.792,0.143,1.4,0.311,-0.6,-0.2,70.5,18.8,0.356,134,134
"Okamoto, Kazuma",2022,G,589,9.8,16,0.62,0.252,0.336,0.469,0.805,0.217,1.6,0.254,-3.8,-0.2,77.9,20.6,0.356,132.6,129
"Sato, Teruaki",2022,T,603,8.5,22.7,0.37,0.264,0.328,0.47,0.798,0.205,6.1,0.315,-0.1,0.9,78.1,19.5,0.352,132.3,132
"Sakakura, Shogo",2022,C,599,7.7,13.5,0.57,0.288,0.352,0.421,0.773,0.134,3,0.312,3.3,0,76.9,18.6,0.351,133.6,125
"Yamada, Tetsuto",2022,S,540,11.1,25.9,0.43,0.243,0.333,0.456,0.79,0.213,3.7,0.293,0.1,1,69.3,16.7,0.351,132.7,123
"Tatsumi, Ryosuke",2022,E,476,8.8,21.6,0.41,0.271,0.354,0.401,0.755,0.13,5,0.338,0.9,0.4,59.9,15.1,0.348,132.2,130
"Imamiya, Kenta",2022,H,510,7.3,13.9,0.52,0.296,0.352,0.409,0.761,0.113,2.2,0.338,-2.2,-0.8,62.6,14.5,0.344,134.4,129
"Nakamura, Shogo",2022,M,596,11.7,14.4,0.81,0.257,0.354,0.392,0.746,0.135,3.1,0.284,1.5,0.6,72.3,16.1,0.342,134.7,123
"Polanco, Gregory",2022,G,484,8.7,22.5,0.39,0.24,0.306,0.457,0.762,0.217,2.2,0.263,0.4,-0.7,58,10.9,0.34,132.5,117
"McBroom, Ryan",2022,C,508,10.2,20.7,0.5,0.272,0.352,0.442,0.794,0.17,1.1,0.319,3,-,69.4,20,0.362,132.8,132
"Nakano, Takumu",2023,T,660,8.6,16.2,0.53,0.285,0.349,0.343,0.692,0.057,5.3,0.344,6.6,-0.4,65.6,3.5,0.313,131.9,105
"Okabayashi, Yuki",2023,D,633,6.2,14.1,0.44,0.279,0.324,0.365,0.688,0.086,5.7,0.325,6.1,-0.5,62.9,3.3,0.313,134.6,107
"Nakamura, Akira",2023,H,585,10.3,9.1,1.13,0.274,0.351,0.337,0.688,0.063,1.8,0.295,-2.5,-0.7,57.1,3,0.313,133.9,110
"Matsumoto, Go",2023,F,561,6.6,10.2,0.65,0.276,0.332,0.333,0.665,0.057,3.4,0.304,1.8,-2.2,55.4,3.6,0.315,135,96
"Yamaguchi, Koki",2023,M,474,9.1,25.7,0.35,0.235,0.31,0.385,0.695,0.15,1,0.293,1.3,-,50,6.2,0.324,131.8,102
"Kobukata, Hiroto",2023,E,549,8.7,15.1,0.58,0.258,0.329,0.331,0.66,0.073,7.4,0.303,6.1,3.5,54.7,3.9,0.316,133.3,102
"Nomura, Yuki",2023,F,473,8.9,23.7,0.38,0.236,0.309,0.383,0.692,0.147,2.8,0.288,-0.1,0.3,48.2,4.5,0.319,134.8,106
"Sano, Keita",2023,DB,613,7.5,12.6,0.6,0.264,0.323,0.388,0.711,0.123,2.1,0.285,-5.4,-0.6,64.9,7.1,0.322,132.2,104
"Kurebayashi, Kotaro",2023,B,482,5.8,13.1,0.44,0.275,0.318,0.377,0.695,0.102,2.1,0.304,0,-1.4,47.9,3.3,0.316,136,110
"Yasuda, Hisanori",2023,M,472,10.4,20.1,0.52,0.238,0.318,0.361,0.678,0.123,1.7,0.284,-3.5,0.3,43.9,0.3,0.307,134.7,99
"Nagaoka, Hideki",2023,S,488,5.9,11.7,0.51,0.227,0.281,0.294,0.575,0.067,3.1,0.253,3.6,0,29.1,-16.9,0.259,132.5,58
"Imamiya, Kenta",2023,H,484,5.6,12,0.47,0.255,0.3,0.37,0.67,0.115,2.7,0.275,-1.7,0.6,44.1,-0.6,0.304,133.9,101
"Ishikawa, Takaya",2023,D,464,4.7,14.9,0.32,0.242,0.282,0.394,0.676,0.152,0.5,0.258,-1.5,-,42.2,-1.5,0.301,132.3,101
"Sekine, Taiki",2023,DB,532,5.5,10,0.55,0.261,0.308,0.334,0.642,0.073,5.4,0.286,5.5,0.9,47.4,-2.7,0.299,132.3,84
"Kikuchi, Ryosuke",2023,C,485,6.6,14,0.47,0.258,0.31,0.33,0.641,0.072,3.1,0.295,2.4,-0.4,42.9,-2.8,0.298,134,88
"Mune, Yuma",2023,B,478,7.5,11.5,0.65,0.245,0.309,0.313,0.622,0.068,2.6,0.277,-4.5,-0.2,39.3,-4.9,0.292,135.9,88
"Nakamura, Shogo",2023,M,584,8.9,15.2,0.58,0.22,0.299,0.331,0.63,0.11,2.7,0.245,4.8,0.1,48,-6,0.292,134.3,85
"Neuse, Sheldon",2023,T,516,7,16.5,0.42,0.24,0.295,0.328,0.623,0.088,1.3,0.273,-2.2,-,43.3,-5.3,0.292,132.6,84
"Kinami, Seiya",2023,T,470,6.6,21.9,0.3,0.267,0.32,0.333,0.653,0.066,1.7,0.347,0.8,-,38.5,-5.8,0.289,134.8,85
"Ohshima, Yohei",2023,D,494,3,8.7,0.35,0.289,0.316,0.334,0.65,0.045,3.3,0.316,3.6,0.7,40.2,-6.3,0.288,134.8,94
"Akiyama, Shogo",2023,C,483,7.2,16.8,0.43,0.274,0.333,0.376,0.709,0.101,5.4,0.329,2.2,0.4,52,6.5,0.324,134.3,107
"Kuwahara, Masayuki",2023,DB,479,4.8,11.3,0.43,0.252,0.301,0.373,0.674,0.121,3.8,0.27,0.3,-2.1,44.9,-0.2,0.305,131.6,93
"Tonosaki, Shuta",2023,L,571,9.8,20,0.49,0.26,0.338,0.4,0.738,0.139,5.6,0.312,1,3,62.5,9.7,0.329,132.4,125
"Yoshikawa, Naoki",2023,G,478,5.4,13.8,0.39,0.256,0.308,0.367,0.676,0.112,3.9,0.286,2.3,-0.6,45.7,0.7,0.308,134.4,96
"Mackinnon, David",2023,L,514,9.3,17.7,0.53,0.259,0.327,0.401,0.728,0.142,2.2,0.292,0.6,-0.2,56.4,8.9,0.33,134.4,120
"Osuna, Jose",2023,S,543,7.2,14.5,0.49,0.253,0.308,0.437,0.745,0.184,1.3,0.259,-2.3,-0.9,60.7,9.6,0.33,133.1,105
"Okamoto, Kazuma",2023,G,589,12.2,18.8,0.65,0.278,0.374,0.584,0.958,0.306,1.1,0.277,-2.8,-0.3,105.7,50.2,0.422,135.2,179
"Miyazaki, Toshiro",2023,DB,461,8.9,9.3,0.95,0.326,0.395,0.539,0.934,0.213,1.2,0.324,-3.2,0.2,79.8,36.3,0.413,132.5,171
"Ohyama, Yusuke",2023,T,625,15.8,19.2,0.83,0.288,0.403,0.456,0.859,0.168,1.9,0.338,4.3,-0.5,100.8,41.9,0.397,133,156
"Sakamoto, Hayato",2023,G,455,9.9,18.5,0.54,0.288,0.361,0.524,0.884,0.236,1.7,0.314,-0.4,0.3,71.9,29,0.393,132.5,160
"Yanagita, Yuki",2023,H,625,10.2,15.5,0.66,0.299,0.378,0.484,0.861,0.185,2,0.326,-3.3,0.2,96.7,38.9,0.391,132,164
"Mori, Tomoya",2023,B,453,11.9,13.5,0.89,0.294,0.385,0.508,0.893,0.214,3.1,0.304,-0.6,0.3,70,28.1,0.391,135.6,171
"Murakami, Munetaka",2023,S,597,15.1,28.1,0.54,0.256,0.375,0.5,0.875,0.244,2.3,0.319,-0.5,-0.1,92.9,36.7,0.39,133.8,153
"Sato, Teruaki",2023,T,548,9.9,25.4,0.39,0.263,0.339,0.498,0.837,0.235,5.2,0.318,1.9,-0.4,83.5,31.9,0.385,134.4,146
"Maki, Shugo",2023,DB,605,5.5,14,0.39,0.293,0.337,0.53,0.867,0.236,2.9,0.299,2.3,-0.3,91.6,34.6,0.384,132,151
"Tongu, Yuma",2023,B,451,9.1,15.3,0.59,0.307,0.378,0.484,0.862,0.177,0.9,0.336,-0.4,-,66.8,25.2,0.382,135.2,166
"Kondoh, Kensuke",2023,H,613,17.8,19.1,0.93,0.303,0.431,0.528,0.959,0.226,1.5,0.346,0.8,-0.9,109.6,53,0.424,131.7,194
"Asamura, Hideto",2023,E,601,12.5,18,0.69,0.274,0.368,0.462,0.829,0.188,1.6,0.301,-4.6,0,86.4,30.8,0.376,134.7,156
"Santana, Domingo",2023,S,516,8.5,22.1,0.39,0.3,0.36,0.484,0.844,0.184,1.9,0.361,-5.2,0.3,77.5,28.9,0.382,133.1,144
"Sakakura, Shogo",2023,C,448,10.5,15,0.7,0.266,0.347,0.41,0.757,0.144,2.9,0.292,-1.4,0.5,52.6,10.4,0.338,134.6,122
"Tatsumi, Ryosuke",2023,E,495,8.1,20,0.4,0.263,0.341,0.385,0.726,0.122,5.3,0.321,0.4,0.7,57.2,11.4,0.338,134.4,124
"Polanco, Gregory",2023,M,497,9.5,18.5,0.51,0.242,0.312,0.45,0.762,0.208,0.3,0.247,-0.2,-,58.1,12.1,0.34,134.5,124
"Martinez, Ariel",2023,F,444,9.9,22.3,0.44,0.246,0.338,0.425,0.763,0.179,1.2,0.291,-2.3,-1.4,54.4,13.4,0.347,134.8,130
"Nishikawa, Ryoma",2023,C,443,4.7,11.7,0.4,0.305,0.337,0.423,0.76,0.118,3.1,0.329,-1.1,-0.7,51.2,9.5,0.335,133.9,121
"Hosokawa, Seiya",2023,D,576,8.5,28,0.3,0.253,0.326,0.454,0.78,0.201,1.3,0.32,4,-,73.5,19.2,0.351,134.8,136
"Ohshiro, Takumi",2023,G,490,7.3,22.2,0.33,0.281,0.341,0.446,0.787,0.165,1.4,0.34,-2.8,-,63.3,17.2,0.353,134.5,130
"Mannami, Chusei",2023,F,582,7,23.7,0.3,0.265,0.321,0.467,0.788,0.203,2.1,0.312,0.2,0,77.4,23.6,0.361,134.7,135
"Chikamoto, Koji",2023,T,585,11.5,12.1,0.94,0.285,0.379,0.429,0.809,0.144,7.6,0.316,5.7,3.8,81.6,26.5,0.368,132.5,141
"Nakagawa, Keita",2023,B,563,7.6,16,0.48,0.269,0.334,0.417,0.751,0.148,4.2,0.306,-0.1,-0.9,69.3,17.2,0.348,135.7,129
"Akiyama, Shogo",2024,C,587,4.9,16.4,0.3,0.289,0.328,0.351,0.679,0.062,2.9,0.341,4.7,-0.6,54.2,3.4,0.307,129.5,104
"Ogoh, Yuya",2024,E,642,10.6,18.7,0.57,0.257,0.337,0.358,0.694,0.101,6.4,0.312,-2.3,2.7,69.1,11.2,0.325,135.2,117
"Imamiya, Kenta",2024,H,538,8.6,16.2,0.53,0.262,0.331,0.372,0.704,0.11,3.6,0.31,-0.2,0.1,56.6,8,0.322,134.4,118
"Sano, Keita",2024,DB,566,6.2,9.4,0.66,0.273,0.322,0.384,0.705,0.111,1.1,0.29,-3.5,-,56.6,7.6,0.318,131.5,109
"Nagaoka, Hideki",2024,S,611,4.7,11.5,0.41,0.288,0.324,0.367,0.692,0.08,3.1,0.318,-0.1,0.4,59.7,6.7,0.314,132.5,102
"Satoh, Toshiya",2024,M,452,6.4,11.3,0.57,0.278,0.326,0.363,0.689,0.085,2.6,0.303,1.6,0.2,43.6,2.8,0.309,135.5,107
"Suzuki, Daichi",2024,E,460,5,9.3,0.53,0.266,0.324,0.347,0.671,0.081,2.9,0.287,1.7,-,44.3,2.8,0.309,135.8,110
"Yano, Masaya",2024,C,495,7.7,22,0.35,0.26,0.322,0.333,0.655,0.072,5.7,0.341,6.1,-1,45.7,2.8,0.307,128.6,98
"Gunji, Yuya",2024,F,495,8.1,14.3,0.56,0.256,0.321,0.37,0.691,0.113,2,0.279,1.3,-0.4,53.5,8.8,0.326,132.3,112
"Genda, Sosuke",2024,L,577,5.5,13,0.43,0.264,0.307,0.337,0.644,0.073,5.2,0.303,3.4,0.3,48.7,-3.3,0.293,135.8,96
"Kozono, Kaito",2024,C,588,5.1,9,0.57,0.28,0.322,0.33,0.651,0.05,3.9,0.304,0.8,-0.7,52.9,1.9,0.304,129.5,94
"Tonosaki, Shuta",2024,L,500,9,17.6,0.51,0.227,0.312,0.337,0.649,0.11,3.7,0.267,0.4,0.5,45.1,0,0.301,135.5,101
"Nishikawa, Ryoma",2024,B,553,4.9,17.5,0.28,0.258,0.294,0.347,0.641,0.089,3.6,0.303,-0.9,1.2,46.9,-3,0.293,133.2,97
"Kikuchi, Ryosuke",2024,C,497,5,13.9,0.36,0.241,0.281,0.342,0.623,0.102,1.2,0.266,-2,-0.3,40.9,-2.2,0.293,129.8,86
"Kobukata, Hiroto",2024,E,522,8,16.1,0.5,0.229,0.296,0.287,0.582,0.058,6.2,0.273,5.9,0.6,39.9,-7.2,0.282,131.1,81
"Kurebayashi, Kotaro",2024,B,523,7.1,14.1,0.5,0.247,0.305,0.314,0.619,0.067,1.2,0.285,-2.6,-1.4,39.4,-7.8,0.28,130.4,91
"Matsumoto, Go",2024,F,486,4.9,10.7,0.46,0.236,0.279,0.288,0.568,0.053,4.9,0.263,-1.6,0,35.2,-8.7,0.276,133.2,67
"Murabayashi, Itsuki",2024,E,571,3.7,15.9,0.23,0.241,0.27,0.313,0.583,0.071,4.1,0.278,0.2,0.3,40.3,-11.2,0.273,130.6,77
"Okabayashi, Yuki",2024,D,460,6.3,13.5,0.47,0.256,0.304,0.294,0.598,0.038,4,0.3,3,-0.5,31,-8.9,0.272,130.2,85
"Noma, Takayoshi",2024,C,443,9.7,11.7,0.83,0.271,0.35,0.34,0.69,0.069,4.7,0.31,3.8,-0.2,47.7,9.3,0.328,129.5,112
"Shuto, Ukyo",2024,H,477,5.5,18.9,0.29,0.269,0.323,0.341,0.664,0.072,7.7,0.333,3.3,1.2,44.6,1.6,0.305,134.9,105
"Ohyama, Yusuke",2024,T,545,9.5,16.1,0.59,0.259,0.338,0.383,0.721,0.124,1.8,0.289,-1.6,-1.3,58.8,11.6,0.329,133.5,122
"Mori, Tomoya",2024,B,457,10.9,13.3,0.82,0.281,0.368,0.415,0.783,0.134,3.2,0.309,-3.4,0.5,59.3,18.1,0.356,132.9,146
"Yoshikawa, Naoki",2024,G,602,6.8,10.1,0.67,0.287,0.341,0.377,0.718,0.09,4.6,0.313,0.6,0.4,65.2,13.1,0.329,132.4,117
"Austin, Tyler",2024,DB,445,10.1,19.8,0.51,0.316,0.382,0.601,0.983,0.285,2.4,0.348,-0.5,-0.3,84,45.5,0.441,132.2,197
"Kondoh, Kensuke",2024,H,535,17.2,14.2,1.21,0.314,0.439,0.521,0.96,0.206,4.1,0.345,0.3,1.2,96,47.8,0.425,135,200
"Santana, Domingo",2024,S,484,11.8,20.9,0.56,0.315,0.399,0.506,0.905,0.191,1.8,0.377,-4.3,0,80.4,38.5,0.41,132,172
"Murakami, Munetaka",2024,S,610,17.2,29.5,0.58,0.244,0.379,0.472,0.851,0.228,3.3,0.309,0.9,0.1,91.5,38.6,0.387,132.7,156
"Okamoto, Kazuma",2024,G,611,10.8,15.9,0.68,0.28,0.362,0.501,0.863,0.221,1.4,0.296,1.6,-0.1,90.4,37.4,0.384,133.1,161
"Maki, Shugo",2024,DB,561,6.6,10.5,0.63,0.294,0.346,0.491,0.837,0.197,4.2,0.295,-1.2,1.9,82.3,33.7,0.383,130.7,152
"Hosokawa, Seiya",2024,D,600,10,26.5,0.38,0.292,0.368,0.478,0.846,0.185,0.8,0.377,2,-0.3,87.8,35.8,0.382,131.4,166
"Miyazaki, Toshiro",2024,DB,469,11.1,6.2,1.79,0.283,0.371,0.444,0.815,0.161,1.4,0.277,-3.8,-0.1,66.1,25.5,0.375,131.8,143
"Morishita, Shota",2024,T,526,10.1,14.8,0.68,0.275,0.363,0.441,0.804,0.166,2.2,0.3,1.7,-0.6,72.9,27.3,0.371,132.7,149
"Kurihara, Ryoya",2024,H,598,8.2,16.6,0.49,0.273,0.337,0.471,0.807,0.197,2.9,0.299,0.1,-0.1,81.9,28,0.366,134.8,151
"Yamakawa, Hotaka",2024,H,611,7.9,25.9,0.3,0.247,0.318,0.484,0.801,0.236,1.1,0.283,-5.8,-,82.4,27.3,0.363,134.8,151
"Soto, Neftali",2024,M,542,7.7,25.1,0.31,0.269,0.33,0.45,0.78,0.181,1.1,0.328,-2.2,-,68.3,19.4,0.351,134.9,139
"Polanco, Gregory",2024,M,468,9.8,18.4,0.53,0.243,0.318,0.459,0.778,0.216,0.7,0.251,-1.5,-,58.9,16.6,0.35,135.2,138
"Tatsumi, Ryosuke",2024,E,597,7.4,18.1,0.41,0.294,0.353,0.419,0.772,0.125,7,0.353,-5.2,2.1,73.7,19.8,0.347,135.1,141
"Sato, Teruaki",2024,T,496,7.3,26.8,0.27,0.268,0.327,0.439,0.766,0.171,3.3,0.343,6,-0.6,58.4,15.4,0.342,136.1,134
"Maru, Yoshihiro",2024,G,595,10.9,15.6,0.7,0.278,0.36,0.396,0.756,0.118,2.6,0.314,-1.1,0.1,69.5,17.9,0.341,132.5,131
"Martinez, Ariel",2024,F,459,11.1,22,0.5,0.234,0.336,0.405,0.74,0.17,3.5,0.279,-3.9,-0.1,53.6,12.1,0.338,132,128
"Chikamoto, Koji",2024,T,639,10.6,14.6,0.73,0.285,0.365,0.363,0.728,0.078,5,0.33,9.1,0.3,72.7,17.3,0.337,132.3,123
"Asamura, Hideto",2024,E,552,12.3,18.3,0.67,0.253,0.346,0.382,0.728,0.13,1.2,0.288,-5.8,-0.6,62.6,12.7,0.333,135.6,129
"Mannami, Chusei",2024,F,556,7,21.6,0.33,0.252,0.31,0.425,0.735,0.173,1.9,0.295,-1.5,-0.8,62.6,12.5,0.332,136.1,125
"Sakakura, Shogo",2024,C,462,6.7,17.3,0.39,0.279,0.328,0.412,0.74,0.133,2.4,0.318,0,-0.1,50.9,10.9,0.332,130.7,124
"Osuna, Jose",2024,S,585,6.8,15.6,0.44,0.267,0.32,0.414,0.733,0.147,1.3,0.293,-1.8,-1,63.2,12.5,0.329,132.1,110
"Nakano, Takumu",2024,T,634,7.3,15.3,0.47,0.232,0.297,0.282,0.579,0.049,3.4,0.28,9,-1.2,42,-13,0.271,132,77
